seed,selection_severity,exploration_rate,generation,policy,funded_rate,funded_default_rate,declined_ece,declined_mean_pd,declined_base_rate,all_ece,diag_propensity_auc,diag_ess_ratio,diag_below_floor,diag_flagged,n_explored,explored_defaults,book_profit,explored_profit,declined_empc,declined_emp_h
7,0.4,0.0,0,prior,0.6,0.0875,0.0752,0.2077,0.2825,0.0315,0.8313,0.9127,0.0044,False,0,0,0.024,0.0,0.038,0.0167
7,0.4,0.0,1,model,0.6,0.0471,0.2312,0.1207,0.3519,0.0904,0.9952,0.9377,0.3781,True,0,0,0.0378,0.0,0.0395,0.0024
7,0.4,0.0,2,model,0.6,0.0808,0.1061,0.2567,0.3162,0.0308,0.9731,0.7716,0.1187,True,0,0,0.0256,0.0,0.0375,0.0104
7,0.4,0.0,3,model,0.6,0.0537,0.1873,0.1586,0.3406,0.0735,0.976,0.8571,0.265,True,0,0,0.0333,0.0,0.0423,0.0035
7,0.4,0.0,4,model,0.6,0.0508,0.1428,0.2022,0.345,0.0555,0.9831,0.8656,0.2406,True,0,0,0.0358,0.0,0.0427,0.0052
7,0.4,0.0,5,model,0.6,0.0571,0.1194,0.2425,0.3369,0.0336,0.9902,0.902,0.3,True,0,0,0.0352,0.0,0.0433,0.008
7,0.4,0.05,0,prior,0.6212,0.093,0.0897,0.2106,0.2845,0.0277,0.8313,0.9127,0.0044,False,85,21,0.0228,-0.0012,0.0354,0.0171
7,0.4,0.05,1,model,0.6158,0.0629,0.1532,0.2695,0.339,0.0494,0.984,0.7897,0.2637,True,63,21,0.0326,-0.0014,0.0402,0.0059
7,0.4,0.05,2,model,0.6235,0.0874,0.0609,0.3274,0.3201,0.0454,0.9324,0.8328,0.0925,True,94,28,0.0248,-0.0014,0.0419,0.0112
7,0.4,0.05,3,model,0.6168,0.0665,0.1447,0.218,0.3327,0.049,0.9877,0.9025,0.2844,True,67,20,0.03,-0.0016,0.0357,0.0025
7,0.4,0.05,4,model,0.6198,0.0879,0.1027,0.3838,0.2998,0.0717,0.9103,0.8946,0.0963,True,79,27,0.0254,-0.0021,0.0406,0.016
7,0.4,0.05,5,model,0.62,0.0552,0.175,0.1815,0.3546,0.059,0.9902,0.8935,0.2838,True,80,25,0.0363,-0.0018,0.042,0.0009
7,1.0,0.0,0,prior,0.6,0.0175,0.3504,0.0371,0.3875,0.1394,0.9734,0.8125,0.21,True,0,0,0.0463,0.0,0.0469,0.0002
7,1.0,0.0,1,model,0.6,0.1146,0.0459,0.2416,0.2506,0.0191,0.9422,0.8899,0.0556,True,0,0,0.0163,0.0,0.0318,0.0215
7,1.0,0.0,2,model,0.6,0.0587,0.1275,0.2365,0.3494,0.046,0.9904,0.8169,0.2787,True,0,0,0.0328,0.0,0.0435,0.0046
7,1.0,0.0,3,model,0.6,0.0612,0.1126,0.2183,0.3294,0.0422,0.9914,0.9105,0.3431,True,0,0,0.0312,0.0,0.04,0.0037
7,1.0,0.0,4,model,0.6,0.0504,0.2062,0.1394,0.3456,0.082,0.9902,0.8892,0.2838,True,0,0,0.0358,0.0,0.0396,0.0031
7,1.0,0.0,5,model,0.6,0.07,0.0877,0.2377,0.3175,0.0427,0.9752,0.8528,0.17,True,0,0,0.0305,0.0,0.0392,0.0111
7,1.0,0.05,0,prior,0.6202,0.0274,0.2175,0.1735,0.391,0.0539,0.9734,0.8125,0.21,True,81,26,0.0443,-0.002,0.049,0.0005
7,1.0,0.05,1,model,0.6155,0.078,0.1235,0.3075,0.3147,0.0306,0.985,0.9004,0.255,True,62,16,0.0279,-0.0007,0.036,0.0087
7,1.0,0.05,2,model,0.624,0.0801,0.0593,0.2905,0.3324,0.0462,0.9435,0.7889,0.0794,True,96,28,0.0275,-0.0012,0.0435,0.007
7,1.0,0.05,3,model,0.6165,0.056,0.1532,0.2559,0.3494,0.0593,0.9888,0.912,0.3038,True,66,21,0.0342,-0.0017,0.0397,0.0018
7,1.0,0.05,4,model,0.6212,0.0773,0.0713,0.3322,0.3182,0.0378,0.9752,0.8513,0.2013,True,85,31,0.0282,-0.0028,0.0389,0.0085
7,1.0,0.05,5,model,0.6172,0.0668,0.1019,0.2777,0.3338,0.031,0.9645,0.8847,0.1906,True,69,23,0.0323,-0.0014,0.0417,0.009
42,0.4,0.0,0,prior,0.6,0.0758,0.1199,0.1942,0.3119,0.0506,0.8323,0.9028,0.005,False,0,0,0.029,0.0,0.0458,0.0179
42,0.4,0.0,1,model,0.6,0.0467,0.2169,0.1537,0.3706,0.0875,0.9923,0.925,0.4225,True,0,0,0.0371,0.0,0.0462,0.0017
42,0.4,0.0,2,model,0.6,0.0746,0.0757,0.3194,0.3244,0.0198,0.9697,0.5645,0.1512,True,0,0,0.0294,0.0,0.0456,0.0119
42,0.4,0.0,3,model,0.6,0.0417,0.1737,0.1776,0.3513,0.0676,0.9936,0.9176,0.3344,True,0,0,0.0396,0.0,0.0427,0.0055
42,0.4,0.0,4,model,0.6,0.0554,0.1119,0.265,0.3481,0.0341,0.9905,0.9164,0.3194,True,0,0,0.0351,0.0,0.0481,0.009
42,0.4,0.0,5,model,0.6,0.0533,0.2078,0.1558,0.35,0.0785,0.9824,0.9233,0.2412,True,0,0,0.0355,0.0,0.0416,0.0005
42,0.4,0.05,0,prior,0.6205,0.0814,0.176,0.1601,0.3155,0.0725,0.8323,0.9028,0.005,False,82,20,0.028,-0.001,0.045,0.0166
42,0.4,0.05,1,model,0.6208,0.0644,0.1738,0.1866,0.3593,0.0764,0.9852,0.9231,0.2875,True,83,25,0.0317,-0.0018,0.0486,0.0025
42,0.4,0.05,2,model,0.6175,0.0632,0.1374,0.4101,0.3542,0.0467,0.988,0.9187,0.2644,True,70,33,0.0331,-0.0032,0.0444,0.0021
42,0.4,0.05,3,model,0.623,0.0694,0.0855,0.3394,0.3243,0.0419,0.9768,0.8699,0.2625,True,92,40,0.032,-0.0031,0.0353,0.007
42,0.4,0.05,4,model,0.6195,0.0597,0.1099,0.3131,0.3561,0.0444,0.9887,0.9082,0.3769,True,78,31,0.0346,-0.0022,0.0462,0.0043
42,0.4,0.05,5,model,0.617,0.0681,0.1081,0.2351,0.3394,0.0477,0.9805,0.9407,0.3088,True,68,22,0.0327,-0.0013,0.0438,0.0104
42,1.0,0.0,0,prior,0.6,0.0158,0.3756,0.0263,0.4019,0.1507,0.9735,0.7851,0.2263,True,0,0,0.0469,0.0,0.0511,0.0004
42,1.0,0.0,1,model,0.6,0.1083,0.0571,0.2452,0.2781,0.0408,0.9571,0.9315,0.1019,True,0,0,0.0162,0.0,0.043,0.0243
42,1.0,0.0,2,model,0.6,0.0437,0.2754,0.0953,0.3706,0.1113,0.9958,0.9003,0.3425,True,0,0,0.0387,0.0,0.046,0.0012
42,1.0,0.0,3,model,0.6,0.0529,0.1886,0.1489,0.3344,0.0725,0.9847,0.8978,0.2319,True,0,0,0.036,0.0,0.043,0.0074
42,1.0,0.0,4,model,0.6,0.0596,0.1256,0.2163,0.3419,0.0589,0.9733,0.8695,0.2325,True,0,0,0.0344,0.0,0.0475,0.0119
42,1.0,0.0,5,model,0.6,0.0592,0.0898,0.2531,0.3412,0.0458,0.9895,0.9094,0.3588,True,0,0,0.0336,0.0,0.043,0.0048
42,1.0,0.05,0,prior,0.62,0.0262,0.1805,0.2422,0.4053,0.0431,0.9735,0.7851,0.2263,True,80,27,0.045,-0.0019,0.0556,0.0007
42,1.0,0.05,1,model,0.6205,0.0778,0.1161,0.2771,0.3373,0.0353,0.9752,0.9104,0.1825,True,82,21,0.0274,-0.0014,0.0412,0.008
42,1.0,0.05,2,model,0.6192,0.0925,0.108,0.3276,0.3079,0.0409,0.9044,0.8924,0.0838,True,77,30,0.023,-0.0025,0.044,0.0192
42,1.0,0.05,3,model,0.6248,0.0508,0.1047,0.331,0.3564,0.0518,0.9945,0.926,0.37,True,99,40,0.038,-0.0029,0.0409,0.0016
42,1.0,0.05,4,model,0.6208,0.0745,0.0624,0.276,0.3329,0.0228,0.9926,0.9399,0.3119,True,83,30,0.0298,-0.0019,0.0453,0.0143
42,1.0,0.05,5,model,0.618,0.0639,0.1751,0.1926,0.3469,0.0598,0.9917,0.9327,0.2919,True,72,22,0.0333,-0.0012,0.0419,0.0019
2026,0.4,0.0,0,prior,0.6,0.0783,0.1473,0.1627,0.31,0.0583,0.8366,0.9135,0.0056,False,0,0,0.0272,0.0,0.0417,0.0153
2026,0.4,0.0,1,model,0.6,0.05,0.1735,0.1772,0.3506,0.0662,0.9918,0.9058,0.2881,True,0,0,0.0377,0.0,0.0424,0.0031
2026,0.4,0.0,2,model,0.6,0.0575,0.1474,0.1816,0.3281,0.0608,0.9755,0.8399,0.22,True,0,0,0.035,0.0,0.0374,0.0051
2026,0.4,0.0,3,model,0.6,0.0546,0.2048,0.1389,0.3438,0.086,0.9753,0.864,0.2569,True,0,0,0.0339,0.0,0.0383,0.0017
2026,0.4,0.0,4,model,0.6,0.0525,0.2096,0.1335,0.3431,0.082,0.9915,0.9281,0.3094,True,0,0,0.036,0.0,0.044,0.0067
2026,0.4,0.0,5,model,0.6,0.0542,0.1864,0.1666,0.3513,0.0728,0.9808,0.9222,0.2819,True,0,0,0.0351,0.0,0.0425,0.0051
2026,0.4,0.05,0,prior,0.62,0.0859,0.0985,0.2197,0.3099,0.0331,0.8366,0.9135,0.0056,False,80,25,0.0257,-0.0015,0.0411,0.0143
2026,0.4,0.05,1,model,0.6202,0.0601,0.1133,0.2395,0.3502,0.0324,0.9852,0.9294,0.2919,True,81,22,0.0348,-0.0012,0.0406,0.0032
2026,0.4,0.05,2,model,0.6185,0.0675,0.1064,0.2495,0.325,0.0285,0.9875,0.8696,0.2025,True,74,26,0.0314,-0.0023,0.0383,0.0085
2026,0.4,0.05,3,model,0.6218,0.0643,0.1048,0.2754,0.3443,0.0449,0.9883,0.7684,0.2731,True,87,28,0.032,-0.002,0.0405,0.0021
2026,0.4,0.05,4,model,0.6225,0.0831,0.078,0.2547,0.3099,0.0242,0.9464,0.7965,0.0656,True,90,28,0.0286,-0.0018,0.0359,0.0056
2026,0.4,0.05,5,model,0.618,0.0765,0.1168,0.2821,0.3292,0.0401,0.9461,0.8393,0.1825,True,72,17,0.0286,-0.0004,0.0422,0.0098
2026,1.0,0.0,0,prior,0.6,0.0158,0.3757,0.0281,0.4037,0.1503,0.9724,0.8359,0.2238,True,0,0,0.0468,0.0,0.0522,0.0004
2026,1.0,0.0,1,model,0.6,0.1154,0.065,0.2035,0.2525,0.0338,0.9056,0.827,0.0138,True,0,0,0.0155,0.0,0.0307,0.023
2026,1.0,0.0,2,model,0.6,0.0442,0.1939,0.1545,0.3481,0.0771,0.9965,0.9499,0.3663,True,0,0,0.0389,0.0,0.0396,0.0019
2026,1.0,0.0,3,model,0.6,0.0696,0.09,0.2313,0.3212,0.0379,0.9611,0.7757,0.1737,True,0,0,0.0291,0.0,0.0415,0.0092
2026,1.0,0.0,4,model,0.6,0.0479,0.225,0.125,0.35,0.0899,0.9929,0.857,0.3794,True,0,0,0.0369,0.0,0.0436,0.0062
2026,1.0,0.0,5,model,0.6,0.0629,0.1236,0.239,0.3381,0.0452,0.9881,0.8946,0.2412,True,0,0,0.0315,0.0,0.0424,0.007
2026,1.0,0.05,0,prior,0.6225,0.0297,0.2168,0.252,0.404,0.0641,0.9724,0.8359,0.2238,True,90,36,0.0442,-0.0027,0.0532,0.0004
2026,1.0,0.05,1,model,0.6195,0.0767,0.125,0.2824,0.3226,0.0381,0.9801,0.8345,0.2062,True,78,23,0.0304,-0.0013,0.0391,0.0094
2026,1.0,0.05,2,model,0.6208,0.0624,0.1555,0.2241,0.3349,0.0573,0.9909,0.8981,0.2956,True,83,28,0.0345,-0.0023,0.0405,0.0053
2026,1.0,0.05,3,model,0.6218,0.076,0.062,0.2876,0.3252,0.0386,0.9142,0.8946,0.1725,True,87,27,0.028,-0.0018,0.0418,0.0071
2026,1.0,0.05,4,model,0.6222,0.0763,0.1011,0.2889,0.321,0.0379,0.9859,0.9,0.25,True,89,29,0.0297,-0.0019,0.0341,0.0032
2026,1.0,0.05,5,model,0.619,0.0864,0.0845,0.2549,0.3136,0.029,0.9516,0.8607,0.1169,True,76,18,0.026,-0.0005,0.0405,0.0115
