seed,generator,iteration,selection_severity,frontier_severity,passed,naive_declined_ece,reweight_declined_ece,retrain_declined_ece,naive_declined_empc,naive_declined_emp_h,reweight_declined_empc,reweight_declined_emp_h,exploration_cost
7,flat,0,0.0,0.4,True,0.011942387718158221,0.018836573714787815,0.04318488708142045,0.010927473627275636,,0.01073847319010102,,0.0
7,flat,1,0.2,0.4,True,0.054256904126995235,0.0568417949078015,0.039040189534501134,0.01774812589019624,,0.018637057886260067,,0.0
7,flat,2,0.4,0.4,True,0.0978510486409007,0.08269206081277829,0.09743577415782209,0.02132880245961996,,0.021217988047527732,,0.0
7,flat,3,0.6,0.4,False,0.1898391077413101,0.19846928943180944,0.19663796357578375,0.027074353511768415,,0.02550853275474562,,0.0
13,flat,0,0.0,0.4,True,0.022275840788854487,0.024751092541759934,0.017506333105733126,0.00929972592485159,,0.009647774750133394,,0.0
13,flat,1,0.2,0.4,True,0.050214978086681315,0.05055324162054605,0.03583926041811761,0.016798582587146883,,0.016196484193563277,,0.0
13,flat,2,0.4,0.4,True,0.09250668947340071,0.09351391298714434,0.1201239245379716,0.025871496681722124,,0.022214503018823144,,0.0
13,flat,3,0.6,0.4,False,0.182158957476734,0.20099940509622996,0.19102007270399166,0.026270406829425295,,0.02404663891301699,,0.0
42,flat,0,0.0,0.4,True,0.020582788256059463,0.02037245682674575,0.025830246831170744,0.010649435074942305,,0.011290209933431352,,0.0
42,flat,1,0.2,0.4,True,0.045013455768610766,0.03837398338759449,0.05372001199371352,0.013441461668051356,,0.012722854603080818,,0.0
42,flat,2,0.4,0.4,True,0.10790584142204337,0.08642142482811203,0.09222520424967655,0.02226877894260096,,0.021008943373766846,,0.0
42,flat,3,0.6,0.4,False,0.16075426633224005,0.15403565290935103,0.18110713727808597,0.021040007481444502,,0.020126776679816792,,0.0
101,flat,0,0.0,0.4,True,0.026137498496029286,0.02447741401598733,0.030450193588176678,0.011169083031303418,,0.011219233352542574,,0.0
101,flat,1,0.2,0.4,True,0.029651571526206295,0.032247707035978145,0.037242602967868965,0.015371324428866144,,0.01346812056419262,,0.0
101,flat,2,0.4,0.4,True,0.09207835370978167,0.08042631758474258,0.10739445541819363,0.022157993566438113,,0.02353832362317839,,0.0
101,flat,3,0.6,0.4,False,0.17454495401994158,0.1813764393670327,0.1708084999012253,0.023744581519608905,,0.022527659348269915,,0.0
2026,flat,0,0.0,0.2,True,0.027155963008796646,0.021952388932815953,0.03133142710830979,0.00814548276270213,,0.008200647206118504,,0.0
2026,flat,1,0.2,0.2,True,0.03443632179682436,0.024755826510189816,0.03915240589577831,0.012607357943529709,,0.012323399520167814,,0.0
2026,flat,2,0.4,0.2,False,0.13439455583246576,0.1197272352291051,0.11700714585991778,0.022016300556150805,,0.02259658245947949,,0.0
3,flat,0,0.0,0.2,True,0.030411384756403644,0.030297929403202254,0.018846178299455087,0.009486498566973025,,0.009172685472363672,,0.0
3,flat,1,0.2,0.2,True,0.03590143091138265,0.0373779692708425,0.04544252342697031,0.015424567980375165,,0.014791731815003345,,0.0
3,flat,2,0.4,0.2,False,0.130493119780812,0.11193942318201805,0.12316887074389142,0.02662123097680695,,0.024835824866970654,,0.0
5,flat,0,0.0,0.2,True,0.02399462084394867,0.027613078060116432,0.025581975585993892,0.009557186937181144,,0.008330076855737355,,0.0
5,flat,1,0.2,0.2,True,0.034268174361638364,0.036646471118513595,0.039410595240946984,0.017622985351021025,,0.0172961808764131,,0.0
5,flat,2,0.4,0.2,False,0.1263171400617496,0.12197294181556623,0.1315624455220354,0.020981515363500926,,0.01722836449668911,,0.0
11,flat,0,0.0,0.4,True,0.013604212392975516,0.012251876516398011,0.03460589975982679,0.009469570885831897,,0.009263343607415524,,0.0
11,flat,1,0.2,0.4,True,0.02742660612137921,0.03268051533178759,0.05476172011635312,0.014543729128060403,,0.014738028801571877,,0.0
11,flat,2,0.4,0.4,True,0.0972999381548362,0.07927934769929579,0.09855748944719117,0.020064440392262628,,0.02174115343175253,,0.0
11,flat,3,0.6,0.4,False,0.2367851379158719,0.22400519469308827,0.21217047990274443,0.028415649174844317,,0.026839975786229757,,0.0
17,flat,0,0.0,0.2,True,0.01081243342143893,0.017744176212765903,0.02027568871837355,0.010417935504623197,,0.012886954984002708,,0.0
17,flat,1,0.2,0.2,True,0.02553915512849814,0.025330322601734904,0.053551282569953645,0.012697132523762335,,0.012192986494829094,,0.0
17,flat,2,0.4,0.2,False,0.11356686493223746,0.1048576262518725,0.09665040253857536,0.02269798219351722,,0.023201732831178365,,0.0
19,flat,0,0.0,0.4,True,0.021333447831923178,0.026530729696983654,0.043603604488089844,0.010616879963199783,,0.011714835017399564,,0.0
19,flat,1,0.2,0.4,True,0.057078229362731284,0.05955645398096014,0.040890540543338905,0.013386540257474537,,0.013285564712533207,,0.0
19,flat,2,0.4,0.4,True,0.10776971596937973,0.0966157455382903,0.12472041936554769,0.019442597270477934,,0.01991177097428912,,0.0
19,flat,3,0.6,0.4,False,0.15049692198354941,0.1651090787361783,0.183398258528558,0.023465895539164117,,0.022679703092661076,,0.0
23,flat,0,0.0,0.2,True,0.0357446287989601,0.03070610272528445,0.036778750886438526,0.005629809357217739,,0.003968246021057743,,0.0
23,flat,1,0.2,0.2,True,0.056317572525257285,0.058755383325318836,0.04175023429953814,0.011569625133476008,,0.01266696729306959,,0.0
23,flat,2,0.4,0.2,False,0.13791849931708197,0.12374001454520875,0.11420749833079277,0.017330303905610224,,0.018525530364915253,,0.0
29,flat,0,0.0,0.4,True,0.028102907530049202,0.0314992513606495,0.0269098638444393,0.009451653990795991,,0.009308158406998484,,0.0
29,flat,1,0.2,0.4,True,0.03782593874963403,0.02975359403797847,0.03274271723421065,0.015413772698980612,,0.014590599403141925,,0.0
29,flat,2,0.4,0.4,True,0.11075956291252845,0.08655512886912163,0.1085238671692199,0.02004064452484832,,0.019532664850906475,,0.0
29,flat,3,0.6,0.4,False,0.19184863508378397,0.16753470519638589,0.173820210089769,0.022546378442070546,,0.02105991815968597,,0.0
31,flat,0,0.0,0.2,True,0.01612717964443,0.023501389288038615,0.02018432049150519,0.00959314393883874,,0.008867086236577747,,0.0
31,flat,1,0.2,0.2,True,0.03721992282603007,0.03060161252322038,0.044347122014652525,0.011982513967437537,,0.012078539821569444,,0.0
31,flat,2,0.4,0.2,False,0.11289948086939966,0.11029777730604706,0.10209947030262537,0.018623928547764547,,0.01671579260777208,,0.0
37,flat,0,0.0,0.4,True,0.04503319354682719,0.037279335034298505,0.0291742280008587,0.008382271668230686,,0.00813857100472055,,0.0
37,flat,1,0.2,0.4,True,0.03794497444949587,0.033029975112579706,0.052386112046825126,0.014385505847380704,,0.015016363535067731,,0.0
37,flat,2,0.4,0.4,True,0.12474574020412729,0.09870487987224401,0.11112578472870749,0.02208440485470491,,0.021928476942147637,,0.0
37,flat,3,0.6,0.4,False,0.18278725522514938,0.1716958454765041,0.16951852642179172,0.02378830883137302,,0.024167908955007672,,0.0
41,flat,0,0.0,0.4,True,0.02763032600351564,0.016614677721578982,0.022588661375607826,0.013869990843534047,,0.013807539827065174,,0.0
41,flat,1,0.2,0.4,True,0.03767242855235907,0.04059339271376194,0.025321551509339253,0.013306895924093183,,0.012622149323232253,,0.0
41,flat,2,0.4,0.4,True,0.10453845336218189,0.08123811929008562,0.13040048830548057,0.021911704368419445,,0.021521332014325885,,0.0
41,flat,3,0.6,0.4,False,0.17409800324023353,0.15387849330973072,0.19404503765420583,0.022123461560394755,,0.022933622621561976,,0.0
43,flat,0,0.0,0.4,True,0.04416857408184258,0.04975140614536066,0.035565871492339876,0.007157414180786664,,0.008259082519458519,,0.0
43,flat,1,0.2,0.4,True,0.041699741762822075,0.04512224118386225,0.04116479267371381,0.01620058633203013,,0.0149459395026444,,0.0
43,flat,2,0.4,0.4,True,0.0765577516220281,0.06941745329237085,0.08244135321456252,0.01649091167968018,,0.016117447509971225,,0.0
43,flat,3,0.6,0.4,False,0.222656938588122,0.19342403199154246,0.212923648947213,0.03228087995592237,,0.03103375481437684,,0.0
47,flat,0,0.0,0.4,True,0.025797888287890557,0.022549892422923733,0.027526139155712396,0.007320595979199011,,0.00802426348227954,,0.0
47,flat,1,0.2,0.4,True,0.051307737821510345,0.05299851091298446,0.04893662902208091,0.016308320945370016,,0.014872425330827246,,0.0
47,flat,2,0.4,0.4,True,0.09950838696338361,0.0812694321044923,0.11123203457392103,0.022979546085982766,,0.022616960383584704,,0.0
47,flat,3,0.6,0.4,False,0.20923106297626293,0.21438879344896306,0.19289878849503705,0.028633339010855616,,0.027855356190121854,,0.0
53,flat,0,0.0,0.4,True,0.027450612501792274,0.02976428901718943,0.02407265893187872,0.00837948357769612,,0.006756349553169359,,0.0
53,flat,1,0.2,0.4,True,0.040099546767491286,0.0403011375113971,0.06600673944745286,0.019321258243056715,,0.018602152685479975,,0.0
53,flat,2,0.4,0.4,True,0.1130477869106381,0.09025296668967767,0.10264960340465226,0.022137272148942747,,0.02230131604872577,,0.0
53,flat,3,0.6,0.4,False,0.2165081983033138,0.21085415413668468,0.23161242182761327,0.032178077463383706,,0.03152692703045018,,0.0
59,flat,0,0.0,0.2,True,0.033371144321506355,0.03496185829310183,0.026362963630829975,0.007075742146121519,,0.007921957382910294,,0.0
59,flat,1,0.2,0.2,True,0.026807938575541524,0.021781683697501907,0.031224164563939723,0.015512057482777918,,0.014558877705764188,,0.0
59,flat,2,0.4,0.2,False,0.11205722325263634,0.10154071231511361,0.11164553756401097,0.01933593939250157,,0.019743399439203786,,0.0
61,flat,0,0.0,0.4,True,0.029319361324602933,0.034140058893023274,0.02206402693653181,0.007948470149861905,,0.008103769013203933,,0.0
61,flat,1,0.2,0.4,True,0.03873643312356526,0.05023539149660233,0.040893383766674125,0.015451119707949223,,0.014084247810197327,,0.0
61,flat,2,0.4,0.4,True,0.06532753397895306,0.06438763333643467,0.09868924763894002,0.015735769763202782,,0.01608739275408551,,0.0
61,flat,3,0.6,0.4,False,0.183721519667924,0.16101096251742925,0.17975979681984516,0.03003261509672887,,0.02936378110635689,,0.0
67,flat,0,0.0,0.4,True,0.03022633214660382,0.020656792620305578,0.030841623789469832,0.006981082886804809,,0.009555057002954545,,0.0
67,flat,1,0.2,0.4,True,0.03102389172851658,0.041807884517688035,0.03840632805811065,0.015299732798698132,,0.01221585226859318,,0.0
67,flat,2,0.4,0.4,True,0.09959419774545003,0.08243694230269952,0.07759080280468111,0.021258408832769977,,0.020652026802668397,,0.0
67,flat,3,0.6,0.4,False,0.1850966059737766,0.18151750177976578,0.21536511540434788,0.024770577861142666,,0.024052421381643,,0.0
71,flat,0,0.0,0.2,True,0.04010431904664302,0.030515973564048518,0.04031669766451887,0.012296935728184601,,0.010259278904297672,,0.0
71,flat,1,0.2,0.2,True,0.03896464238682862,0.03316028390767818,0.033730696115896006,0.012867602738844769,,0.016528866032410872,,0.0
71,flat,2,0.4,0.2,False,0.1121626328195938,0.10036180223175886,0.09342582730530395,0.026354799061293968,,0.024474747417670584,,0.0
73,flat,0,0.0,0.4,True,0.019344624182948845,0.020670684626768233,0.025242383103726788,0.00943952953459028,,0.009341860653034722,,0.0
73,flat,1,0.2,0.4,True,0.04382951911963123,0.038090311354343875,0.03282693877958298,0.016563806000785428,,0.01590541656277408,,0.0
73,flat,2,0.4,0.4,True,0.09524445866578073,0.08771721719619267,0.08426555722637874,0.021920485649964554,,0.025142936527786344,,0.0
73,flat,3,0.6,0.4,False,0.20429115754983299,0.19578992819663396,0.1883920081370815,0.025476524258515765,,0.024865202628564658,,0.0
79,flat,0,0.0,0.2,True,0.03671144531276013,0.028143970973510173,0.028737236858654525,0.009633104711067656,,0.009613086218445404,,0.0
79,flat,1,0.2,0.2,True,0.0318814942641618,0.03346871022604343,0.038959016802532026,0.011964324573699649,,0.01483703444488108,,0.0
79,flat,2,0.4,0.2,False,0.11343376670005033,0.10678187288650695,0.12023916711590976,0.022792916196020613,,0.023175500816399342,,0.0
83,flat,0,0.0,0.2,True,0.020440239603205523,0.02562720773429614,0.02062590430663278,0.00966765881612051,,0.009993278548684849,,0.0
83,flat,1,0.2,0.2,True,0.056333134300536,0.04868547120527714,0.026138108768409843,0.017081453914103244,,0.016803922034772885,,0.0
83,flat,2,0.4,0.2,False,0.11737127169370233,0.10694088661325175,0.10435239248791182,0.021946317347481793,,0.01947373901299864,,0.0
7,scm,0,0.0,0.4,True,0.024022937308412633,0.01382444700218133,0.03172197858846871,0.017393383941944243,0.03945321336265729,0.017284919364031093,0.03778417056478025,0.0
7,scm,1,0.2,0.4,True,0.025677460197637683,0.026342312402646104,0.05096982066020733,0.024022720232260715,0.030398864056087826,0.022734676179308404,0.03085853505524359,0.0
7,scm,2,0.4,0.4,True,0.08714970527730448,0.08178468885362607,0.0956156089035315,0.041199565114009545,0.017147683352173412,0.041046454517840086,0.01688275526919002,0.0
7,scm,3,0.6,0.4,False,0.24229236535887638,0.24858692857374912,0.23007422457270996,0.046991118402937945,0.005137094453788106,0.04670099204007812,0.0031568288161520843,0.0
13,scm,0,0.0,0.4,True,0.017077243881267266,0.02932825964353205,0.02089352786944524,0.023160347574225006,0.038400332809798716,0.023426801765948885,0.037456975943140396,0.0
13,scm,1,0.2,0.4,True,0.04671311008199039,0.04415083210891012,0.03673186026712677,0.027086568896841766,0.032903380919203,0.022420050204456938,0.03291640493044622,0.0
13,scm,2,0.4,0.4,True,0.1136951573414237,0.09404351139670686,0.10705380111629746,0.042846184007368365,0.016941808113787774,0.04307571535819093,0.02013929925965851,0.0
13,scm,3,0.6,0.4,False,0.21881743077696458,0.18216382388603136,0.18648787212655132,0.04624679593947088,0.006700563426307783,0.0449972802652355,0.004577171339800482,0.0
42,scm,0,0.0,0.4,True,0.03610416204125828,0.03594322947342074,0.03009398990547382,0.02174677885123304,0.03866813452353732,0.021860055869452787,0.04033889544161404,0.0
42,scm,1,0.2,0.4,True,0.03984605202460136,0.03779723945182945,0.049897694990457986,0.033123602205897044,0.029698009046310318,0.03126386700331972,0.02647782013580905,0.0
42,scm,2,0.4,0.4,True,0.11225804693141825,0.09686991854726439,0.11450513234674296,0.041587778288643996,0.013929881453624596,0.04216765806018882,0.015039211909578996,0.0
42,scm,3,0.6,0.4,False,0.27279075088488286,0.24394155550458674,0.2200608995398077,0.04203305479867414,0.0023597267310152188,0.03976255825538946,0.0021529095332841744,0.0
101,scm,0,0.0,0.2,True,0.03661435783713648,0.03107737910821129,0.009930915231888503,0.022876313988487433,0.04137927133449466,0.023352631402695896,0.04142369713001515,0.0
101,scm,1,0.2,0.2,True,0.04250408165698758,0.04360823761916272,0.03929187430239128,0.03250377840082462,0.02654033655915863,0.028441250021051953,0.026482947564150743,0.0
101,scm,2,0.4,0.2,False,0.12793774879172204,0.12542089165834977,0.12701633754170805,0.03946006372807667,0.015172510807871709,0.03870958407164426,0.016025689769807148,0.0
2026,scm,0,0.0,0.4,True,0.02453208505626236,0.024046644843413147,0.046742645726732986,0.02007882212806222,0.03916511299310169,0.02043115046229327,0.038654016235282695,0.0
2026,scm,1,0.2,0.4,True,0.053027806653619516,0.044882765653738735,0.04584562055866313,0.030674842675344385,0.030643679603038453,0.031059568625144744,0.02998689292215409,0.0
2026,scm,2,0.4,0.4,True,0.08261038029698199,0.08661575567962584,0.11100989285559919,0.038154743250402565,0.01702219669071951,0.03766625071567063,0.016438177643491227,0.0
2026,scm,3,0.6,0.4,False,0.2639753410355801,0.2530186525310147,0.2332532309428399,0.04697404205968529,0.0026008036598634443,0.04741315066197792,0.0030098233834438114,0.0
3,scm,0,0.0,0.4,True,0.01981362039927835,0.01577999706040658,0.02816877416714495,0.021949142490018198,0.0362453938335641,0.022659452112849848,0.03690689810768126,0.0
3,scm,1,0.2,0.4,True,0.05626774141126689,0.048106778015384856,0.053482399655501764,0.035342616840628976,0.02911003501832345,0.03412351807854852,0.02813001535486194,0.0
3,scm,2,0.4,0.4,True,0.10493978582882627,0.0868461624638003,0.11945564347873201,0.042068251475454205,0.015823472414563035,0.04232527854014481,0.017932488651393585,0.0
3,scm,3,0.6,0.4,False,0.29543764727729016,0.2722188187307931,0.2594371783131233,0.04512532822870838,0.002244794886900455,0.04405793405338905,0.0015483510167438566,0.0
5,scm,0,0.0,0.4,True,0.01628645846957948,0.019763946030645695,0.018541983848111673,0.022197984168132328,0.043213149364948106,0.021338308994604753,0.04212040676962818,0.0
5,scm,1,0.2,0.4,True,0.04418453130307044,0.04342158624040023,0.05888712860954257,0.02931211380169741,0.03366802895763056,0.027962598069877054,0.033038327495241264,0.0
5,scm,2,0.4,0.4,True,0.09019858786205412,0.06186392045009712,0.08866518326628793,0.03678522812464226,0.014083570530654703,0.03606955308339635,0.01558984564795892,0.0
5,scm,3,0.6,0.4,False,0.23963812041300053,0.2071620720081185,0.23232339554693887,0.04655758846225373,0.002927224414927438,0.04521819517171204,0.0023253878952029373,0.0
11,scm,0,0.0,0.4,True,0.03259289924260552,0.04625066200127535,0.030460166518740124,0.02020146302396955,0.042164909394061915,0.019631065998976325,0.04088613470578863,0.0
11,scm,1,0.2,0.4,True,0.044800025056940335,0.04956629733416844,0.05174165797158441,0.029982556254548137,0.03614389414188664,0.029244997333846515,0.03669874575365875,0.0
11,scm,2,0.4,0.4,True,0.06125366258474822,0.06482167006040167,0.11230344609477141,0.043951363665593976,0.019439405933985073,0.04287850583849853,0.01741216284801281,0.0
11,scm,3,0.6,0.4,False,0.21201390480900972,0.19838162244043786,0.1977942629409966,0.04878613111296959,0.005074731188932407,0.04692702836177163,0.005313522401113256,0.0
17,scm,0,0.0,0.2,True,0.01762131404755644,0.016060077117696032,0.0385109117207632,0.019798141815401266,0.043369902812200295,0.019182142883781308,0.04355598321337503,0.0
17,scm,1,0.2,0.2,True,0.03817787179327401,0.045624467297090014,0.047369903243037116,0.029431384353125166,0.02592345859973275,0.029173973381999486,0.024911040573922093,0.0
17,scm,2,0.4,0.2,False,0.1258290133109716,0.10671659522453668,0.10937239091129268,0.04129616947074342,0.018846348328181255,0.04136233438967875,0.018750256876545326,0.0
19,scm,0,0.0,0.2,True,0.04221085564694096,0.028325270487786755,0.03193661779138873,0.01693063633641517,0.038287358818820644,0.018868293481904823,0.0390774527091811,0.0
19,scm,1,0.2,0.2,True,0.034010326740256655,0.024337001357989184,0.03132150162808233,0.02941297385229795,0.029158254387207382,0.02817427122289442,0.03060126871323035,0.0
19,scm,2,0.4,0.2,False,0.10642885480738924,0.10103882327053834,0.10569704087157394,0.039809789384016914,0.01806097255582348,0.03991484977817379,0.01874086190311619,0.0
23,scm,0,0.0,0.2,True,0.020568242210982763,0.018963137603174203,0.021744998080622392,0.01992329911946652,0.03853110686327388,0.02015448519405316,0.040091730430312084,0.0
23,scm,1,0.2,0.2,True,0.05786412417109438,0.05261010908904748,0.03996247324877064,0.0266418850975969,0.027531476614229757,0.028092544275310678,0.029556604964330057,0.0
23,scm,2,0.4,0.2,False,0.11493884856759712,0.10009676397722451,0.14053301540559282,0.041749607908806136,0.01733943199444446,0.04096415063936347,0.016276377303567145,0.0
29,scm,0,0.0,0.4,True,0.0194075486661538,0.018410545747218815,0.01976014662818898,0.018417195892353837,0.04230309493186572,0.01592011787491583,0.042113524489459236,0.0
29,scm,1,0.2,0.4,True,0.05629279081776427,0.04807887281103758,0.058914616860327895,0.03474771625079851,0.03413883682243815,0.03252646533176634,0.03430689575499093,0.0
29,scm,2,0.4,0.4,True,0.10658790776780505,0.08843315972801137,0.12457841592074573,0.04396216877066514,0.018970995442247906,0.04160973448234513,0.018099249465609944,0.0
29,scm,3,0.6,0.4,False,0.2773526196381873,0.28052110589594265,0.2469477969763859,0.04701254342886351,0.0038114211076012727,0.04577713335821011,0.0046932570430910075,0.0
31,scm,0,0.0,0.2,True,0.03367045049372673,0.027990680438797044,0.041727356499773785,0.018114044472884113,0.0430460290189788,0.018392269130053727,0.042956066806411904,0.0
31,scm,1,0.2,0.2,True,0.048854376926674464,0.04258137430690945,0.04361264450298326,0.028821726232355224,0.030260029929204083,0.029274683356339926,0.03071463337895882,0.0
31,scm,2,0.4,0.2,False,0.11966753114374411,0.10793740174112236,0.10948569233115327,0.0450170852987828,0.021430643288742054,0.04483656197354842,0.02120118506497588,0.0
37,scm,0,0.0,0.4,True,0.018039393112873257,0.021589057847857543,0.012939084874392161,0.019507213919282895,0.046062346995194285,0.0216650875732651,0.04621269317066844,0.0
37,scm,1,0.2,0.4,True,0.057146813861859144,0.05318879743494437,0.03995001650869054,0.026877038865668175,0.03320693964440707,0.031060284421434197,0.03420543921570894,0.0
37,scm,2,0.4,0.4,True,0.10102606841576331,0.09411876557408161,0.10394305875237296,0.04080094329702318,0.019270164390936113,0.037286828629633464,0.01879821524513947,0.0
37,scm,3,0.6,0.4,False,0.221430997763043,0.23990982659778912,0.2408833807681389,0.046732864719833456,0.004427724758716548,0.04412201001571553,0.003022733763793205,0.0
41,scm,0,0.0,0.2,True,0.0331089310772783,0.03354509782149428,0.025630671382572478,0.01733010491408466,0.03812798623091108,0.016979780293161464,0.03846443562098244,0.0
41,scm,1,0.2,0.2,True,0.0350788038466704,0.0456804295340379,0.04412759690612532,0.032484062491235366,0.029999552545989544,0.03243478227116749,0.02973617063885137,0.0
41,scm,2,0.4,0.2,False,0.14446922306483906,0.11753914226042182,0.1314577649885046,0.047483135281424386,0.012351343864304648,0.04611376574863216,0.014012231284188693,0.0
43,scm,0,0.0,0.2,True,0.02871286941417589,0.02373113566733612,0.03530819735484614,0.022902504789522576,0.037274602893765205,0.022585398482846505,0.03590326216256889,0.0
43,scm,1,0.2,0.2,True,0.039060168408246936,0.04613374236171257,0.0431969943641341,0.0288459034766728,0.031149490623868552,0.028749841310978345,0.030655133323018977,0.0
43,scm,2,0.4,0.2,False,0.12014624532625612,0.11164607984599377,0.10643995470216114,0.042228169584415,0.02121128680530903,0.04182767644722797,0.01775759213755619,0.0
47,scm,0,0.0,0.2,True,0.022655742761632666,0.021356290969163146,0.01416800005799348,0.01772169305621799,0.04254358926996716,0.017989146881966383,0.041931339673531236,0.0
47,scm,1,0.2,0.2,True,0.06536409846028873,0.06203854602094201,0.045497665814106004,0.030545141937899666,0.02887344358393949,0.030148637867503464,0.028127320265126255,0.0
47,scm,2,0.4,0.2,False,0.11264520170845772,0.10386983611590336,0.13323894624710636,0.04054041458100084,0.015821093689020627,0.04008803791149155,0.014473309722590698,0.0
53,scm,0,0.0,0.4,True,0.03451805936462892,0.029195835399724243,0.03646281254540237,0.017665869167090897,0.03585435343753669,0.017677897185280074,0.03621485685929322,0.0
53,scm,1,0.2,0.4,True,0.06790522512577922,0.07145150830241513,0.07096975886104127,0.032030223036246565,0.030838618790275694,0.03098313015911875,0.028738639086207777,0.0
53,scm,2,0.4,0.4,True,0.09700780392482179,0.0725668169899625,0.12074417913936719,0.041707049381152314,0.018955738487494225,0.04193842246072205,0.01834852551560101,0.0
53,scm,3,0.6,0.4,False,0.24498908756323975,0.21938082680789342,0.24791638710708902,0.049017483094209585,0.0025261329960113,0.046866787589553004,0.0009707154773511509,0.0
59,scm,0,0.0,0.2,True,0.021973700661759958,0.019864233838712275,0.0169957402295757,0.017783825518800096,0.0462833212175639,0.016813163759046405,0.04576690014829087,0.0
59,scm,1,0.2,0.2,True,0.039106154202673285,0.037996977202080104,0.0431833097472514,0.02685708045302126,0.03174177034907579,0.02745393912457559,0.03158921907597435,0.0
59,scm,2,0.4,0.2,False,0.124249715828321,0.105339813991236,0.0759420141900718,0.03994557617627972,0.016620174622940624,0.04004789818265628,0.017394621495698766,0.0
61,scm,0,0.0,0.2,True,0.024677940832254875,0.02321774836484162,0.028679715789212516,0.020270075907688194,0.04084375525728342,0.020544363958161643,0.04098209692003439,0.0
61,scm,1,0.2,0.2,True,0.048096300700627426,0.03755652426116833,0.04069151497576836,0.027130995250723287,0.03292330158669994,0.028001659743482683,0.03223090014588759,0.0
61,scm,2,0.4,0.2,False,0.11194437956247001,0.10183513323860961,0.15534512440259174,0.04220119395273082,0.015436038678311548,0.043955621529795055,0.016936805610895025,0.0
67,scm,0,0.0,0.2,True,0.01850367433579217,0.034640317559092804,0.02173549457544722,0.018700777203385373,0.0430208177379459,0.020196591108015777,0.04320475567795423,0.0
67,scm,1,0.2,0.2,True,0.07279906961270603,0.07414224523511415,0.049385042910880785,0.027579567566875466,0.030581185080027468,0.028841399459146693,0.02900043111906609,0.0
67,scm,2,0.4,0.2,False,0.11015524882661339,0.10178327729092561,0.12443605850784109,0.04196910011761855,0.013294204174227017,0.04200691790030121,0.014601001745208338,0.0
71,scm,0,0.0,0.2,True,0.02576073562344228,0.02449623834745476,0.02878488548873424,0.01763159789032541,0.03874865162402087,0.019039467749702648,0.041453176838274104,0.0
71,scm,1,0.2,0.2,True,0.024028601197000905,0.031890927550638826,0.0491585993106035,0.029636175942150365,0.03558769102556721,0.029604709967011936,0.03645692945779925,0.0
71,scm,2,0.4,0.2,False,0.10652249404633582,0.10598658732169018,0.10675384349707273,0.04292286055556532,0.015367354732508443,0.03583228432338245,0.0131500281948437,0.0
73,scm,0,0.0,0.2,True,0.030122427924595168,0.02470184324681788,0.02920727796060569,0.021069177634015116,0.038140618229770495,0.020521407973567517,0.03724828648983164,0.0
73,scm,1,0.2,0.2,True,0.029514277895191697,0.029156938018434157,0.03559457864869335,0.030287507031902576,0.0317600114066185,0.03194467682552973,0.032351523860713535,0.0
73,scm,2,0.4,0.2,False,0.11326941080989839,0.10372735035285577,0.1251574684859914,0.03879746149484224,0.013664830098851324,0.038816178293471,0.012230993182908137,0.0
79,scm,0,0.0,0.4,True,0.019201709904286626,0.02313552114378946,0.0254801670811917,0.019247415745772153,0.046940319442885244,0.019725114753941734,0.046451450830886754,0.0
79,scm,1,0.2,0.4,True,0.06975369354079872,0.05751222208042076,0.0423592676030754,0.031669458892363146,0.027783531420908378,0.030084291265699892,0.028517653206212388,0.0
79,scm,2,0.4,0.4,True,0.09291101132739427,0.08698182049029748,0.10069111263208141,0.04215287553395743,0.02344195612560612,0.04316624811419228,0.023443423916653407,0.0
79,scm,3,0.6,0.4,False,0.2896706720229858,0.26914075591323877,0.24823186465332198,0.04662572450338323,0.0052591097374123045,0.04475758064096664,0.0021240660755336704,0.0
83,scm,0,0.0,0.2,True,0.01715445121301282,0.031159604484442216,0.0455006529300963,0.021712146058160818,0.04145631051601098,0.02115411587572564,0.04103609135898722,0.0
83,scm,1,0.2,0.2,True,0.026271457564454342,0.03497439122525296,0.04306812738057876,0.028783540084515082,0.02836747630150292,0.02759038267801286,0.02830469894164338,0.0
83,scm,2,0.4,0.2,False,0.11640200627878214,0.12031950342455597,0.09359772303071875,0.04081977564932793,0.015841406473884982,0.03929797028471933,0.01445323289712451,0.0
