generator,seed,selection_severity,n_train_declines,n_eval_declines,method,declined_ece,declined_auc,declined_brier
flat,7,0.0,600,600,naive,0.018,0.7355,0.1236
flat,7,0.0,600,600,ipw,0.0187,0.7514,0.1201
flat,7,0.0,600,600,reclassification,0.047,0.7704,0.1216
flat,7,0.0,600,600,augmentation,0.0313,0.7428,0.1224
flat,7,0.0,600,600,fuzzy_augmentation,0.0508,0.7637,0.1194
flat,7,0.0,600,600,parcelling,0.0275,0.7695,0.118
flat,7,0.2,600,600,naive,0.0463,0.7378,0.1365
flat,7,0.2,600,600,ipw,0.0719,0.7217,0.1413
flat,7,0.2,600,600,reclassification,0.0763,0.7443,0.1457
flat,7,0.2,600,600,augmentation,0.0485,0.7318,0.1394
flat,7,0.2,600,600,fuzzy_augmentation,0.0355,0.7567,0.1303
flat,7,0.2,600,600,parcelling,0.0713,0.7398,0.1395
flat,7,0.4,600,600,naive,0.0803,0.6941,0.1737
flat,7,0.4,600,600,ipw,0.0743,0.6873,0.1743
flat,7,0.4,600,600,reclassification,0.1172,0.7062,0.1817
flat,7,0.4,600,600,augmentation,0.0775,0.6906,0.1699
flat,7,0.4,600,600,fuzzy_augmentation,0.079,0.6846,0.1735
flat,7,0.4,600,600,parcelling,0.0622,0.7048,0.1697
flat,7,0.6,600,600,naive,0.1879,0.6532,0.2356
flat,7,0.6,600,600,ipw,0.1854,0.6589,0.2346
flat,7,0.6,600,600,reclassification,0.2021,0.6387,0.2415
flat,7,0.6,600,600,augmentation,0.1884,0.6308,0.2374
flat,7,0.6,600,600,fuzzy_augmentation,0.1723,0.6741,0.2265
flat,7,0.6,600,600,parcelling,0.1233,0.6668,0.2076
flat,7,0.8,600,600,naive,0.2283,0.5942,0.262
flat,7,0.8,600,600,ipw,0.2219,0.5613,0.2611
flat,7,0.8,600,600,reclassification,0.2696,0.4518,0.2877
flat,7,0.8,600,600,augmentation,0.2281,0.5587,0.2634
flat,7,0.8,600,600,fuzzy_augmentation,0.2255,0.5673,0.2624
flat,7,0.8,600,600,parcelling,0.1852,0.5803,0.2415
flat,7,1.0,600,600,naive,0.249,0.5164,0.2759
flat,7,1.0,600,600,ipw,0.2608,0.5013,0.2825
flat,7,1.0,600,600,reclassification,0.2726,0.4629,0.2906
flat,7,1.0,600,600,augmentation,0.2518,0.5066,0.2777
flat,7,1.0,600,600,fuzzy_augmentation,0.2418,0.5578,0.2725
flat,7,1.0,600,600,parcelling,0.228,0.5343,0.267
flat,42,0.0,600,600,naive,0.0313,0.6791,0.1216
flat,42,0.0,600,600,ipw,0.0457,0.6746,0.1246
flat,42,0.0,600,600,reclassification,0.07,0.6763,0.1246
flat,42,0.0,600,600,augmentation,0.0333,0.6728,0.1254
flat,42,0.0,600,600,fuzzy_augmentation,0.0268,0.6951,0.1187
flat,42,0.0,600,600,parcelling,0.0463,0.684,0.1252
flat,42,0.2,600,600,naive,0.0478,0.7599,0.137
flat,42,0.2,600,600,ipw,0.0445,0.747,0.1403
flat,42,0.2,600,600,reclassification,0.0993,0.7545,0.152
flat,42,0.2,600,600,augmentation,0.0496,0.7666,0.1381
flat,42,0.2,600,600,fuzzy_augmentation,0.0481,0.7558,0.1411
flat,42,0.2,600,600,parcelling,0.0805,0.7449,0.1487
flat,42,0.4,600,600,naive,0.0987,0.7193,0.184
flat,42,0.4,600,600,ipw,0.1027,0.7286,0.1828
flat,42,0.4,600,600,reclassification,0.113,0.7299,0.1823
flat,42,0.4,600,600,augmentation,0.0925,0.723,0.1837
flat,42,0.4,600,600,fuzzy_augmentation,0.0981,0.7284,0.1805
flat,42,0.4,600,600,parcelling,0.09,0.7338,0.1782
flat,42,0.6,600,600,naive,0.2038,0.6358,0.2459
flat,42,0.6,600,600,ipw,0.2111,0.5778,0.2551
flat,42,0.6,600,600,reclassification,0.2483,0.4984,0.2743
flat,42,0.6,600,600,augmentation,0.205,0.593,0.2484
flat,42,0.6,600,600,fuzzy_augmentation,0.2057,0.6066,0.249
flat,42,0.6,600,600,parcelling,0.1312,0.6403,0.2179
flat,42,0.8,600,600,naive,0.2822,0.4995,0.3007
flat,42,0.8,600,600,ipw,0.2716,0.5319,0.2941
flat,42,0.8,600,600,reclassification,0.2862,0.5265,0.3022
flat,42,0.8,600,600,augmentation,0.2784,0.4966,0.2994
flat,42,0.8,600,600,fuzzy_augmentation,0.2705,0.5116,0.2937
flat,42,0.8,600,600,parcelling,0.2625,0.5513,0.2888
flat,42,1.0,600,600,naive,0.3159,0.5382,0.3324
flat,42,1.0,600,600,ipw,0.3129,0.5183,0.3329
flat,42,1.0,600,600,reclassification,0.3343,0.5313,0.3448
flat,42,1.0,600,600,augmentation,0.3163,0.5286,0.3333
flat,42,1.0,600,600,fuzzy_augmentation,0.3187,0.5305,0.3353
flat,42,1.0,600,600,parcelling,0.3002,0.5441,0.3242
flat,2026,0.0,600,600,naive,0.0125,0.72,0.1179
flat,2026,0.0,600,600,ipw,0.0357,0.7152,0.1183
flat,2026,0.0,600,600,reclassification,0.0455,0.7404,0.1163
flat,2026,0.0,600,600,augmentation,0.0178,0.715,0.1199
flat,2026,0.0,600,600,fuzzy_augmentation,0.0602,0.7258,0.1177
flat,2026,0.0,600,600,parcelling,0.0476,0.7208,0.1226
flat,2026,0.2,600,600,naive,0.0427,0.6945,0.1399
flat,2026,0.2,600,600,ipw,0.0344,0.7006,0.1397
flat,2026,0.2,600,600,reclassification,0.0685,0.7023,0.1457
flat,2026,0.2,600,600,augmentation,0.0477,0.7068,0.1373
flat,2026,0.2,600,600,fuzzy_augmentation,0.0324,0.7005,0.1404
flat,2026,0.2,600,600,parcelling,0.0365,0.7196,0.1412
flat,2026,0.4,600,600,naive,0.0825,0.6926,0.1847
flat,2026,0.4,600,600,ipw,0.0813,0.693,0.1814
flat,2026,0.4,600,600,reclassification,0.1175,0.6834,0.1902
flat,2026,0.4,600,600,augmentation,0.0954,0.6842,0.1879
flat,2026,0.4,600,600,fuzzy_augmentation,0.091,0.712,0.1833
flat,2026,0.4,600,600,parcelling,0.085,0.7061,0.1828
flat,2026,0.6,600,600,naive,0.2145,0.6124,0.2549
flat,2026,0.6,600,600,ipw,0.1868,0.5618,0.2427
flat,2026,0.6,600,600,reclassification,0.2469,0.5081,0.2723
flat,2026,0.6,600,600,augmentation,0.2116,0.5745,0.2537
flat,2026,0.6,600,600,fuzzy_augmentation,0.2157,0.6295,0.253
flat,2026,0.6,600,600,parcelling,0.1579,0.5998,0.2324
flat,2026,0.8,600,600,naive,0.2486,0.616,0.2738
flat,2026,0.8,600,600,ipw,0.2493,0.6211,0.2733
flat,2026,0.8,600,600,reclassification,0.2736,0.5087,0.2898
flat,2026,0.8,600,600,augmentation,0.2476,0.5989,0.2735
flat,2026,0.8,600,600,fuzzy_augmentation,0.2548,0.5763,0.2798
flat,2026,0.8,600,600,parcelling,0.1874,0.6034,0.2408
flat,2026,1.0,600,600,naive,0.2357,0.5386,0.264
flat,2026,1.0,600,600,ipw,0.2332,0.5646,0.2624
flat,2026,1.0,600,600,reclassification,0.2597,0.5051,0.277
flat,2026,1.0,600,600,augmentation,0.2356,0.5442,0.2643
flat,2026,1.0,600,600,fuzzy_augmentation,0.2413,0.4946,0.2676
flat,2026,1.0,600,600,parcelling,0.2068,0.5465,0.2514
scm,7,0.0,600,600,naive,0.0355,0.8644,0.1048
scm,7,0.0,600,600,ipw,0.031,0.857,0.1052
scm,7,0.0,600,600,reclassification,0.0549,0.8523,0.105
scm,7,0.0,600,600,augmentation,0.0362,0.857,0.1045
scm,7,0.0,600,600,fuzzy_augmentation,0.0302,0.8637,0.1015
scm,7,0.0,600,600,parcelling,0.0495,0.8506,0.1055
scm,7,0.2,600,600,naive,0.0599,0.8184,0.1324
scm,7,0.2,600,600,ipw,0.0609,0.8121,0.131
scm,7,0.2,600,600,reclassification,0.0877,0.8231,0.1334
scm,7,0.2,600,600,augmentation,0.058,0.8177,0.1313
scm,7,0.2,600,600,fuzzy_augmentation,0.0394,0.8242,0.127
scm,7,0.2,600,600,parcelling,0.0747,0.8142,0.1357
scm,7,0.4,600,600,naive,0.1429,0.8201,0.181
scm,7,0.4,600,600,ipw,0.1154,0.8197,0.1698
scm,7,0.4,600,600,reclassification,0.1373,0.8054,0.1788
scm,7,0.4,600,600,augmentation,0.1357,0.8198,0.176
scm,7,0.4,600,600,fuzzy_augmentation,0.1464,0.8248,0.1766
scm,7,0.4,600,600,parcelling,0.107,0.8216,0.1648
scm,7,0.6,600,600,naive,0.2551,0.671,0.277
scm,7,0.6,600,600,ipw,0.2213,0.6621,0.2616
scm,7,0.6,600,600,reclassification,0.2822,0.6812,0.2924
scm,7,0.6,600,600,augmentation,0.2418,0.681,0.2729
scm,7,0.6,600,600,fuzzy_augmentation,0.2458,0.7115,0.2675
scm,7,0.6,600,600,parcelling,0.1946,0.7112,0.2407
scm,7,0.8,600,600,naive,0.3669,0.5377,0.3712
scm,7,0.8,600,600,ipw,0.3532,0.4883,0.3633
scm,7,0.8,600,600,reclassification,0.3728,0.5181,0.3766
scm,7,0.8,600,600,augmentation,0.3659,0.5286,0.3705
scm,7,0.8,600,600,fuzzy_augmentation,0.3555,0.578,0.3612
scm,7,0.8,600,600,parcelling,0.3512,0.5601,0.3598
scm,7,1.0,600,600,naive,0.3986,0.5571,0.4013
scm,7,1.0,600,600,ipw,0.4019,0.5425,0.4042
scm,7,1.0,600,600,reclassification,0.4076,0.48,0.4097
scm,7,1.0,600,600,augmentation,0.3992,0.5452,0.4017
scm,7,1.0,600,600,fuzzy_augmentation,0.3921,0.5769,0.3949
scm,7,1.0,600,600,parcelling,0.3906,0.5631,0.3937
scm,42,0.0,600,600,naive,0.0239,0.8691,0.0867
scm,42,0.0,600,600,ipw,0.0237,0.8692,0.0861
scm,42,0.0,600,600,reclassification,0.0153,0.8714,0.0856
scm,42,0.0,600,600,augmentation,0.0207,0.8724,0.0861
scm,42,0.0,600,600,fuzzy_augmentation,0.027,0.8761,0.0852
scm,42,0.0,600,600,parcelling,0.0312,0.8717,0.0864
scm,42,0.2,600,600,naive,0.0327,0.8587,0.1148
scm,42,0.2,600,600,ipw,0.0216,0.8542,0.1168
scm,42,0.2,600,600,reclassification,0.0549,0.8597,0.1112
scm,42,0.2,600,600,augmentation,0.0342,0.862,0.1123
scm,42,0.2,600,600,fuzzy_augmentation,0.0439,0.8728,0.113
scm,42,0.2,600,600,parcelling,0.0506,0.8593,0.1167
scm,42,0.4,600,600,naive,0.0789,0.7861,0.1598
scm,42,0.4,600,600,ipw,0.0743,0.7816,0.1587
scm,42,0.4,600,600,reclassification,0.1375,0.7836,0.1756
scm,42,0.4,600,600,augmentation,0.0898,0.7819,0.1633
scm,42,0.4,600,600,fuzzy_augmentation,0.0936,0.8015,0.1591
scm,42,0.4,600,600,parcelling,0.0819,0.7977,0.1557
scm,42,0.6,600,600,naive,0.2218,0.697,0.25
scm,42,0.6,600,600,ipw,0.2104,0.6875,0.2472
scm,42,0.6,600,600,reclassification,0.3038,0.6069,0.3144
scm,42,0.6,600,600,augmentation,0.226,0.6966,0.2521
scm,42,0.6,600,600,fuzzy_augmentation,0.2407,0.7132,0.2614
scm,42,0.6,600,600,parcelling,0.1525,0.7395,0.2122
scm,42,0.8,600,600,naive,0.3404,0.6267,0.3468
scm,42,0.8,600,600,ipw,0.3371,0.6165,0.3431
scm,42,0.8,600,600,reclassification,0.373,0.5281,0.3772
scm,42,0.8,600,600,augmentation,0.3534,0.633,0.3563
scm,42,0.8,600,600,fuzzy_augmentation,0.3473,0.6806,0.3523
scm,42,0.8,600,600,parcelling,0.2539,0.6547,0.2863
scm,42,1.0,600,600,naive,0.3688,0.5688,0.3718
scm,42,1.0,600,600,ipw,0.363,0.5443,0.3673
scm,42,1.0,600,600,reclassification,0.3751,0.507,0.3774
scm,42,1.0,600,600,augmentation,0.3672,0.5673,0.3701
scm,42,1.0,600,600,fuzzy_augmentation,0.3662,0.6219,0.37
scm,42,1.0,600,600,parcelling,0.349,0.6124,0.3522
scm,2026,0.0,600,600,naive,0.0274,0.8441,0.1023
scm,2026,0.0,600,600,ipw,0.0345,0.8467,0.0995
scm,2026,0.0,600,600,reclassification,0.0316,0.855,0.0998
scm,2026,0.0,600,600,augmentation,0.0318,0.8492,0.0993
scm,2026,0.0,600,600,fuzzy_augmentation,0.0338,0.8528,0.1003
scm,2026,0.0,600,600,parcelling,0.0343,0.8624,0.0959
scm,2026,0.2,600,600,naive,0.0656,0.8605,0.127
scm,2026,0.2,600,600,ipw,0.0477,0.8618,0.123
scm,2026,0.2,600,600,reclassification,0.0727,0.8535,0.1325
scm,2026,0.2,600,600,augmentation,0.0559,0.8591,0.1296
scm,2026,0.2,600,600,fuzzy_augmentation,0.0534,0.8531,0.127
scm,2026,0.2,600,600,parcelling,0.0514,0.8355,0.1312
scm,2026,0.4,600,600,naive,0.1193,0.7892,0.1823
scm,2026,0.4,600,600,ipw,0.1191,0.7906,0.1801
scm,2026,0.4,600,600,reclassification,0.2118,0.7683,0.2311
scm,2026,0.4,600,600,augmentation,0.1302,0.7892,0.1855
scm,2026,0.4,600,600,fuzzy_augmentation,0.1308,0.7912,0.1915
scm,2026,0.4,600,600,parcelling,0.0979,0.8057,0.1692
scm,2026,0.6,600,600,naive,0.3156,0.7131,0.3215
scm,2026,0.6,600,600,ipw,0.2826,0.673,0.3087
scm,2026,0.6,600,600,reclassification,0.3455,0.6495,0.3522
scm,2026,0.6,600,600,augmentation,0.3134,0.676,0.3233
scm,2026,0.6,600,600,fuzzy_augmentation,0.3301,0.6984,0.3333
scm,2026,0.6,600,600,parcelling,0.2188,0.7368,0.2508
scm,2026,0.8,600,600,naive,0.3875,0.5418,0.3914
scm,2026,0.8,600,600,ipw,0.3901,0.5177,0.3964
scm,2026,0.8,600,600,reclassification,0.4019,0.518,0.4048
scm,2026,0.8,600,600,augmentation,0.388,0.535,0.392
scm,2026,0.8,600,600,fuzzy_augmentation,0.3927,0.5978,0.3947
scm,2026,0.8,600,600,parcelling,0.3872,0.5823,0.3912
scm,2026,1.0,600,600,naive,0.3651,0.631,0.3694
scm,2026,1.0,600,600,ipw,0.365,0.5736,0.3703
scm,2026,1.0,600,600,reclassification,0.3781,0.5014,0.382
scm,2026,1.0,600,600,augmentation,0.3628,0.5909,0.3679
scm,2026,1.0,600,600,fuzzy_augmentation,0.3705,0.5951,0.3746
scm,2026,1.0,600,600,parcelling,0.3324,0.6393,0.3399
