unobserved_strength,seed,severity,naive_mae,gcomp_mae,naive_bias,gcomp_bias,naive_strong,gcomp_strong,strong_gap,overall_gap
0.0,1000,0.4,0.09432778145439631,0.091007746978568,-0.025802426415411767,-0.03238703930592274,0.11140451618887855,0.09969486951288076,0.01170964667599779,0.003320034475828307
0.0,1016,0.4,0.08977953264613925,0.08615258369958623,-0.037071309598554494,-0.04615473896751208,0.09771297765164949,0.07764679788432444,0.020066179767325054,0.0036269489465530214
0.0,1032,0.4,0.09061090757487483,0.08683057844817942,-0.022970369347970913,-0.03350111343716563,0.09587370796488474,0.07703675947711741,0.018836948487767333,0.003780329126695417
0.0,1048,0.4,0.09020008715858424,0.09613450172679276,-0.03627612278300439,-0.045445272012854615,0.06561591612651911,0.06288127733783866,0.002734638788680452,-0.005934414568208521
0.0,1064,0.4,0.08991503659116783,0.08855208906419715,-0.02599485622832979,-0.029966367183344646,0.08939660189749643,0.08272274318095668,0.006673858716539749,0.0013629475269706787
0.0,1080,0.4,0.08825703879092425,0.08444613618641578,-0.018136857819117894,-0.024227670253739474,0.11739153841905593,0.08854109963776897,0.028850438781286958,0.003810902604508476
0.0,1096,0.4,0.08551207890849999,0.08347874299611215,-0.03379828470263685,-0.039059784182012135,0.08755220220705293,0.07234656802085301,0.015205634186199912,0.002033335912387843
0.0,1112,0.4,0.0769459428277006,0.07441711785300564,-0.02568944935431193,-0.030497490744002282,0.11516630741628746,0.08961118482695606,0.025555122589331403,0.0025288249746949626
0.0,1128,0.4,0.07954820617400252,0.07725193975062668,-0.02432059425739041,-0.025475839894505643,0.09998854013100994,0.0958923341984806,0.004096205932529337,0.0022962664233758395
0.0,1144,0.4,0.08011313335889024,0.07814730824041115,-0.026597252435529475,-0.031141085184403956,0.08465497413072877,0.07122952494112347,0.013425449189605296,0.001965825118479092
0.0,1160,0.4,0.07839616053145795,0.07611620358781661,-0.028769593076462804,-0.03202829818250718,0.1035975024392147,0.08885631033387048,0.01474119210534422,0.0022799569436413453
0.0,1176,0.4,0.1030057790249242,0.0972480249523236,-0.01486970834158016,-0.025866805782628177,0.12838440050269945,0.1020076652268234,0.026376735275876043,0.005757754072600596
0.0,1192,0.4,0.09325780086655963,0.08752249972670699,-0.024717788724223994,-0.0314842467519737,0.111411111191777,0.09235681641294384,0.019054294778833164,0.0057353011398526416
0.0,1208,0.4,0.08573937201158023,0.08549430352780278,-0.02738779426397561,-0.034243884324379734,0.08931875238822955,0.0833112911170774,0.006007461271152148,0.0002450684837774497
0.0,1224,0.4,0.07426262150607683,0.07052946018953124,-0.007202212275084654,-0.02253837196606977,0.0939870512566483,0.07198098331975585,0.022006067936892457,0.003733161316545594
0.0,1240,0.4,0.07577463561917012,0.07251179493119192,-0.018188610630765326,-0.018770670074124744,0.12566093251123944,0.10124966087793999,0.024411271633299453,0.003262840687978205
0.0,1256,0.4,0.08566523743263654,0.08728102547765482,-0.024641431664789708,-0.0338360404120728,0.07262778032543603,0.07662145497415036,-0.003993674648714335,-0.0016157880450182738
0.0,1272,0.4,0.08369525827829313,0.0820207242740777,-0.011119972469635595,-0.01874662049990379,0.133740121281271,0.1264577432306127,0.007282378050658289,0.0016745340042154389
0.0,1288,0.4,0.08397121586935007,0.08074306791786802,-0.026457459628702065,-0.03166547898140626,0.1058140526136239,0.08242717334016676,0.02338687927345713,0.0032281479514820466
0.0,1304,0.4,0.0892081092455516,0.08508190280577284,-0.023381307135480287,-0.02918974146847441,0.12235827065420116,0.09797422921436423,0.024384041439836926,0.004126206439778762
0.0,1320,0.4,0.08357590179551586,0.07988974818894289,-0.027333577485413554,-0.030610764793700396,0.10089790117998888,0.08456636189067167,0.016331539289317215,0.00368615360657297
0.0,1336,0.4,0.09477717155454751,0.09583305221774356,-0.03809233464614013,-0.04107609908228265,0.11863427641070329,0.10901518860090942,0.00961908780979387,-0.0010558806631960488
0.0,1352,0.4,0.08807309786562172,0.08480165130799593,-0.023077579816229394,-0.034293954743928254,0.10704533068875349,0.09001281267124886,0.017032518017504633,0.00327144655762579
0.0,1368,0.4,0.09228102183604475,0.08983770292637734,-0.037278191686082755,-0.043673732664655025,0.11395866777922967,0.09981351109183413,0.014145156687395535,0.0024433189096674107
0.0,1384,0.4,0.07729285806050598,0.07860930051669796,-0.025626482144773397,-0.029144009568864343,0.08504842660789404,0.082952053902149,0.002096372705745031,-0.001316442456191974
0.0,1000,0.6,0.09782633773853396,0.09449026103899573,-0.026797977396058645,-0.028995079753692192,0.11303536957421023,0.10844986143146365,0.0045855081427465805,0.0033360766995382263
0.0,1016,0.6,0.09922393626105964,0.09836801681684296,-0.03799405067555571,-0.041783136398986176,0.09739997960649685,0.09340185978721897,0.003998119819277876,0.0008559194442166879
0.0,1032,0.6,0.0967466539740783,0.09858961744588803,-0.020155201131400756,-0.022692164691145753,0.09798691287855933,0.10769182899358962,-0.009704916115030285,-0.0018429634718097193
0.0,1048,0.6,0.09889005901800171,0.09888129177792875,-0.028334301999691332,-0.0359964755357749,0.0695738717431817,0.06037806958439125,0.009195802158790456,8.767240072968252e-06
0.0,1064,0.6,0.09110234892104163,0.08949466329988782,-0.030441981268015023,-0.03159444133469133,0.08701014303564013,0.08531755910933123,0.001692583926308902,0.0016076856211538065
0.0,1080,0.6,0.09153158953436205,0.08901911783170473,-0.020980868890638694,-0.02624405924086362,0.12517808887564283,0.10789307101533782,0.017285017860305008,0.0025124717026573234
0.0,1096,0.6,0.09489875410255441,0.09500289930813571,-0.0434419491449989,-0.04713455644702146,0.09219416683202544,0.0922700815684646,-7.591473643915603e-05,-0.00010414520558130191
0.0,1112,0.6,0.08480583751780382,0.08347210400075605,-0.02810092359316825,-0.031846744411664074,0.1145666485180946,0.1082340397932765,0.006332608724818098,0.0013337335170477693
0.0,1128,0.6,0.08081894896755437,0.08100433677985325,-0.026428753464709548,-0.02920700475849531,0.09660027523174126,0.09523463497398185,0.0013656402577594123,-0.00018538781229887613
0.0,1144,0.6,0.0856556418412271,0.0852692282578471,-0.030064009756073505,-0.030754130286869096,0.08548744148141986,0.07819782476373893,0.007289616717680927,0.0003864135833800131
0.0,1160,0.6,0.08112259705627473,0.07974739403322677,-0.03177306761790872,-0.034416483197587285,0.09637035711627093,0.0837344527718797,0.012635904344391227,0.0013752030230479578
0.0,1176,0.6,0.10554124968083724,0.10030940986678731,-0.0195219110149828,-0.026975594350242847,0.12737492309256923,0.09916654819485163,0.028208374897717603,0.005231839814049927
0.0,1192,0.6,0.09773992566015252,0.09590245406289462,-0.029846758420499928,-0.03205697627653599,0.11377023681560704,0.10656675594022162,0.007203480875385415,0.001837471597257903
0.0,1208,0.6,0.09035526799159802,0.09070429530172996,-0.031063365173771784,-0.03413899995665085,0.09942155228750553,0.10074879244355145,-0.0013272401560459196,-0.00034902731013194965
0.0,1224,0.6,0.07812898933737884,0.0740692608623797,-0.013400501475167824,-0.020037659984571098,0.10273359820091037,0.07920700912706842,0.023526589073841947,0.00405972847499915
0.0,1240,0.6,0.07723734018844974,0.07560529929115041,-0.021936907395572792,-0.027125789906795903,0.1293954832169217,0.10787585231164304,0.02151963090527867,0.0016320408972993333
0.0,1256,0.6,0.09271372267384762,0.09340762900316223,-0.0292975745140124,-0.031839204990926906,0.08154667665003842,0.08644365768596428,-0.004896981035925854,-0.0006939063293146114
0.0,1272,0.6,0.0874889345071974,0.08584562593607123,-0.01895850249531407,-0.018975899944148184,0.13568732925842195,0.12906743783484423,0.006619891423577717,0.0016433085711261702
0.0,1288,0.6,0.08993268431859715,0.08910787788274487,-0.023027118880541684,-0.029157281938196365,0.10557100979544591,0.09082851560759136,0.014742494187854546,0.0008248064358522822
0.0,1304,0.6,0.09218682629088648,0.08832163714872548,-0.024911191883456883,-0.02926727693986312,0.13366035872570636,0.11253047639987218,0.02112988232583418,0.0038651891421609963
0.0,1320,0.6,0.0940128973283298,0.0922485438226121,-0.02781379080279084,-0.03033078523312023,0.10422404935170067,0.0982599196028452,0.005964129748855462,0.0017643535057177001
0.0,1336,0.6,0.09503327698135049,0.09554235897736624,-0.04009784332140618,-0.04360038088757075,0.11711437868231607,0.10782152130557698,0.009292857376739086,-0.0005090819960157505
0.0,1352,0.6,0.08940151362711328,0.08813711385866484,-0.02794427259109473,-0.029988798309513894,0.10971984073149434,0.10507416014280026,0.004645680588694079,0.0012643997684484432
0.0,1368,0.6,0.09836911658574024,0.09600296446366438,-0.0260526563197366,-0.02850238864850412,0.11229318686951008,0.10188904184172377,0.010404145027786305,0.0023661521220758597
0.0,1384,0.6,0.08400846280265675,0.08421839525992322,-0.02503770142044332,-0.024931287752473424,0.09424175866311535,0.08875019333201724,0.005491565331098111,-0.0002099324572664707
0.0,1000,0.8,0.10034716210047999,0.09780510287804908,-0.027604220459764083,-0.02922803406069168,0.11453162234380268,0.10589468761798293,0.00863693472581975,0.0025420592224309063
0.0,1016,0.8,0.10044855171298953,0.1000321920980946,-0.035574135884271246,-0.0359988644774729,0.10369122181457043,0.10224198986203006,0.0014492319525403613,0.0004163596148949317
0.0,1032,0.8,0.0996597571789984,0.10095513874974507,-0.018374782731604332,-0.01908556168761697,0.10663867054495359,0.11575299632506185,-0.009114325780108262,-0.0012953815707466704
0.0,1048,0.8,0.10122913384747598,0.09990491642424658,-0.029777638208468397,-0.03160173765481928,0.06754505582907891,0.0636263278513259,0.003918727977753014,0.0013242174232293985
0.0,1064,0.8,0.09272809684164462,0.09202353528547601,-0.028971137433285186,-0.030339488431787038,0.08883822292263066,0.08570466464861036,0.003133558274020301,0.0007045615561686175
0.0,1080,0.8,0.09553790059942915,0.09374876990731934,-0.01714049847069008,-0.019022808084672754,0.1290474779287119,0.11487578541068147,0.014171692518030438,0.0017891306921098138
0.0,1096,0.8,0.09584400644200755,0.09514721348623843,-0.04341916695962929,-0.0446029247566571,0.09582531299325335,0.09060687147964257,0.005218441513610783,0.0006967929557691183
0.0,1112,0.8,0.08571211659921826,0.0852414627706991,-0.028038902933029186,-0.028528103789951534,0.11723128029319167,0.11349795258946231,0.003733327703729361,0.0004706538285191575
0.0,1128,0.8,0.08114401406942004,0.0805582859784638,-0.026131586443039288,-0.02741886279945918,0.09671647460411921,0.0916276994524723,0.005088775151646907,0.0005857280909562362
0.0,1144,0.8,0.0911808640967617,0.09207055855164166,-0.026429885927700455,-0.02924397888478151,0.08481799269312634,0.08011024837850549,0.004707744314620857,-0.0008896944548799635
0.0,1160,0.8,0.08588546451040517,0.08556757409902349,-0.031625163378116036,-0.03198302648646072,0.0976703226421855,0.09615551898094453,0.0015148036612409738,0.00031789041138167995
0.0,1176,0.8,0.10860944178242027,0.10653582636326889,-0.02014264091877256,-0.022556674550391502,0.12646816167298552,0.11777778385689108,0.008690377816094441,0.002073615419151381
0.0,1192,0.8,0.09940809972827892,0.09808918093409845,-0.027863482409508124,-0.02921751697068211,0.1128275063681904,0.10505044646103416,0.007777059907156242,0.0013189187941804736
0.0,1208,0.8,0.09397493502255916,0.09405429505417888,-0.02988754973808476,-0.03288310677868093,0.09881367063362433,0.09865530492460337,0.0001583657090209606,-7.936003161972127e-05
0.0,1224,0.8,0.08060422839651972,0.07807156537251018,-0.01344075415525362,-0.015775464517594255,0.10010401408850285,0.09005601914563419,0.010047994942868663,0.002532663024009535
0.0,1240,0.8,0.08339095411523693,0.08300277673752668,-0.020324176931865542,-0.020404456022076942,0.1352859437336994,0.130676148226262,0.0046097955074373975,0.0003881773777102554
0.0,1256,0.8,0.09326554190333454,0.092895226775388,-0.028463927615677103,-0.02924710945966631,0.08687278665831098,0.08758326474733007,-0.0007104780890190843,0.0003703151279465383
0.0,1272,0.8,0.09231528778000378,0.09143782644836518,-0.018499508512568028,-0.020283866537683198,0.1417876302335335,0.13613327141331039,0.00565435882022311,0.0008774613316386015
0.0,1288,0.8,0.0931745976561192,0.09219540489197073,-0.023382610475323903,-0.025040728224551532,0.11494758603182931,0.10713455608700229,0.007813029944827021,0.0009791927641484705
0.0,1304,0.8,0.0945224180815522,0.09419951604240093,-0.025232266256369457,-0.025577905977629413,0.13146429767655732,0.1296718036792687,0.001792493997288619,0.00032290203915127935
0.0,1320,0.8,0.09637667977371672,0.09690199388209164,-0.030235535070225555,-0.030215663144774405,0.10909320615320364,0.11246615135360477,-0.0033729452004011284,-0.0005253141083749191
0.0,1336,0.8,0.0967580008686239,0.09700283944496697,-0.036454478882556235,-0.03633737395342582,0.12223712106700348,0.12394114608674138,-0.0017040250197379037,-0.0002448385763430677
0.0,1352,0.8,0.09488307606178562,0.0939436747790335,-0.024143741169314815,-0.02423596136534043,0.11388496262157964,0.10907195749568445,0.004813005125895192,0.0009394012827521198
0.0,1368,0.8,0.10530638200445187,0.10478615173348146,-0.02620773607084313,-0.02678217324836596,0.11888448181275338,0.1161914035997404,0.0026930782130129838,0.0005202302709704093
0.0,1384,0.8,0.08293539482817723,0.08113961991639067,-0.022605899770498757,-0.02112539601904611,0.09882489927685066,0.09492403381003064,0.0039008654668200166,0.001795774911786563
0.0,1000,1.0,0.09965557629456401,0.09912181180826972,-0.02822614792250618,-0.029046293086903516,0.1144781035412343,0.11104828742198579,0.003429816119248516,0.0005337644862942886
0.0,1016,1.0,0.1002781881339645,0.09988284264721958,-0.03615009173036889,-0.036294042544710366,0.10387418462185023,0.10265435406527935,0.0012198305565708778,0.00039534548674491354
0.0,1032,1.0,0.09796410985615861,0.097264380061277,-0.01730275363536712,-0.017679157773133537,0.10007962395046409,0.09348103614745987,0.006598587803004222,0.000699729794881615
0.0,1048,1.0,0.10231768580525402,0.10170226258047664,-0.029262993869133072,-0.029836838023731705,0.06938825752822829,0.06829983934413957,0.0010884181840887241,0.0006154232247773811
0.0,1064,1.0,0.09347141463867988,0.09304986244917608,-0.02895799978017961,-0.02976579839876753,0.09020426062730819,0.08622543857867246,0.003978822048635727,0.00042155218950379325
0.0,1080,1.0,0.09554429545696114,0.0942627789031343,-0.017768945729818384,-0.020386778289539942,0.12874050497362463,0.11341591380557414,0.015324591168050489,0.001281516553826842
0.0,1096,1.0,0.09667486809770916,0.09618459358819921,-0.04382851067559138,-0.04403460533348605,0.09586443209344561,0.09329148372746385,0.0025729483659817642,0.000490274509509947
0.0,1112,1.0,0.08589404233227678,0.08570405244423344,-0.027808783048299483,-0.028070830111284226,0.11617693901339092,0.11534033618720492,0.0008366028261860003,0.00018998988804333483
0.0,1128,1.0,0.08095840152813079,0.08008472696166863,-0.02645359487192803,-0.027725209687833936,0.0974557101052469,0.09372015761142594,0.0037355524938209594,0.0008736745664621598
0.0,1144,1.0,0.09019692764031559,0.09020203859096833,-0.02896701077909804,-0.02920934420074701,0.08734720936630667,0.0861210870369557,0.0012261223293509732,-5.110950652739699e-06
0.0,1160,1.0,0.08631532525317852,0.08617733503889313,-0.030074448282721326,-0.03064852753195494,0.10080056442502508,0.09964161348056062,0.001158950944464457,0.0001379902142853856
0.0,1176,1.0,0.10866875679355567,0.10694031853789915,-0.02081940102795997,-0.02277603600251327,0.12684575584897811,0.11889060598635012,0.007955149862627992,0.0017284382556565225
0.0,1192,1.0,0.09973843420262878,0.09774594049975951,-0.029569187857653997,-0.031052662731613095,0.11174776700865925,0.10182605135752094,0.009921715651138308,0.0019924937028692608
0.0,1208,1.0,0.09520362655132651,0.09496795016011574,-0.03116547924593243,-0.031438450107820426,0.09901197365020731,0.09744002584519532,0.0015719478050119917,0.00023567639121077621
0.0,1224,1.0,0.08110641410661054,0.07993776553174589,-0.014302442888654779,-0.015337433902456043,0.09899424293333729,0.0950227003287052,0.003971542604632089,0.0011686485748646502
0.0,1240,1.0,0.08342245017416931,0.0825522030901248,-0.0196156817473756,-0.020159879717736126,0.1350022891557516,0.13071897679329259,0.004283312362459019,0.000870247084044512
0.0,1256,1.0,0.09208664049935773,0.09134925763235073,-0.028985039235489785,-0.02955203383187287,0.08569506622188182,0.08379393643545908,0.001901129786422734,0.0007373828670070026
0.0,1272,1.0,0.0938310665669086,0.09391832284924634,-0.020071394443345728,-0.020154727776679066,0.14170457542401763,0.14143574059893319,0.0002688348250844408,-8.72562823377443e-05
0.0,1288,1.0,0.0930315012046473,0.09301242644901281,-0.022809124630766685,-0.023440019901419893,0.115934485042498,0.1128497815814885,0.0030847034610094887,1.9074755634493346e-05
0.0,1304,1.0,0.09432822347947027,0.09463465558322254,-0.02936778843442191,-0.030431818999214558,0.12150311487841862,0.1201842117169462,0.001318903161472429,-0.00030643210375226604
0.0,1320,1.0,0.09494783570174166,0.0944734938124563,-0.029886327325845206,-0.030382148408740667,0.10579003457274311,0.10538779062296205,0.00040224394978105593,0.0004743418892853568
0.0,1336,1.0,0.09686443075862664,0.09680508674685873,-0.038030873908033065,-0.03846757086359665,0.11973250766711241,0.1167443228195484,0.00298818484756401,5.934401176790893e-05
0.0,1352,1.0,0.09503627795325294,0.09485893938271084,-0.025016156690149362,-0.024973405774007477,0.11372171809984662,0.1140613141302649,-0.0003395960304182766,0.00017733857054209878
0.0,1368,1.0,0.1049283546551232,0.10411442972329293,-0.02629973778406891,-0.027391810634043338,0.11818953657458094,0.11548680137705636,0.002702735197524578,0.0008139249318302594
0.0,1384,1.0,0.08351446576451137,0.0832097308871948,-0.02586335963405171,-0.025933054922431448,0.09406289634833487,0.09288966181156409,0.0011732345367707758,0.00030473487731656757
0.55,1000,0.4,0.09121686416135488,0.08924719642992367,-0.028403127721932007,-0.03455225916688655,0.09854542531630565,0.1047659240687213,-0.0062204987524156485,0.0019696677314312155
0.55,1016,0.4,0.09283151700879504,0.08951178815153325,-0.03591574344464879,-0.04526576448259099,0.09658028223179957,0.08891632659183603,0.007663955639963541,0.0033197288572617834
0.55,1032,0.4,0.08625099211452203,0.08597360439847516,-0.015127139929809658,-0.0251670842716067,0.0864163744473757,0.09189456498273547,-0.005478190535359778,0.00027738771604686463
0.55,1048,0.4,0.09368036704168822,0.09157164197307578,-0.027157769103592577,-0.03271520509310286,0.07095830691259056,0.05499187321334218,0.015966433699248377,0.002108725068612441
0.55,1064,0.4,0.08651217245988849,0.08447286246392344,-0.030615845778590386,-0.03291539461412688,0.08504150449512214,0.07493238637058693,0.010109118124535216,0.0020393099959650496
0.55,1080,0.4,0.08690453264299694,0.08228444130763983,-0.015533896136375102,-0.022273248548739643,0.11350943082554286,0.09019574225203353,0.023313688573509336,0.00462009133535711
0.55,1096,0.4,0.08421414753263873,0.08077061473853696,-0.03671067295486135,-0.04203885057544201,0.08337039502759978,0.06268438691053313,0.020686008117066654,0.0034435327941017696
0.55,1112,0.4,0.07766126990759416,0.07698763516560322,-0.023094586652957102,-0.03156118263038802,0.11290886395396381,0.0994320919162312,0.013476772037732607,0.0006736347419909333
0.55,1128,0.4,0.07459746028307278,0.0740145285349326,-0.024531393362440444,-0.02314477774062431,0.0957779911667576,0.0909487069517128,0.0048292842150448045,0.0005829317481401836
0.55,1144,0.4,0.0810138090135336,0.07952356869551395,-0.021368639416402824,-0.023185770020870966,0.08191011814762066,0.07529639599313954,0.006613722154481111,0.0014902403180196422
0.55,1160,0.4,0.07938128896148654,0.07747926564215495,-0.026011669822837813,-0.02743670484318315,0.11376562893947671,0.1064283399016911,0.007337289037785619,0.0019020233193315916
0.55,1176,0.4,0.1015041068381188,0.09625180604476825,-0.020362185788831668,-0.02470574017093312,0.12241180410347191,0.10410064875093064,0.01831115535254127,0.0052523007933505395
0.55,1192,0.4,0.09015855425167855,0.08578269593234734,-0.022299508553777984,-0.029482772207947674,0.10798580608882463,0.08459790621970732,0.02338789986911731,0.004375858319331211
0.55,1208,0.4,0.08180684905232337,0.08257439958239697,-0.023104604057041987,-0.0289513948764905,0.08692951762654844,0.07958227956496838,0.0073472380615800525,-0.0007675505300736019
0.55,1224,0.4,0.07330558896424902,0.06693903077846557,-0.010357028245648225,-0.02272615895654495,0.09563647342544752,0.07040685818442334,0.025229615241024184,0.0063665581857834525
0.55,1240,0.4,0.07449103528141152,0.07142171975631217,-0.014041881921583793,-0.01885138797297311,0.1291007213670857,0.10420965136968524,0.024891069997400456,0.003069315525099342
0.55,1256,0.4,0.08381200301912499,0.08575350814428627,-0.02137700943393402,-0.02405755294276671,0.07484382338265236,0.0784455701120679,-0.0036017467294155447,-0.0019415051251612803
0.55,1272,0.4,0.08594975782224537,0.08496306693400084,-0.012351150806975365,-0.01717520795033413,0.13290948492692695,0.11846764004569586,0.014441844881231083,0.0009866908882445319
0.55,1288,0.4,0.08061913993579412,0.07960741831733104,-0.0265172936066995,-0.034951079347361816,0.10644245342437811,0.08554997983235077,0.02089247359202734,0.0010117216184630795
0.55,1304,0.4,0.08692651072849898,0.08459163750207405,-0.02308084431339884,-0.029291781469124242,0.12025798812446063,0.10928882139697821,0.010969166727482424,0.0023348732264249356
0.55,1320,0.4,0.09061758320957554,0.0901290371858822,-0.026887877186323062,-0.032205239836728086,0.0986023037346348,0.09773286003224818,0.0008694437023866186,0.0004885460236933453
0.55,1336,0.4,0.09165899178743174,0.08940980813820759,-0.03711591660594924,-0.037514912638625636,0.12031299201973904,0.10925107294249707,0.011061919077241966,0.0022491836492241485
0.55,1352,0.4,0.08676826030429036,0.08216535173361081,-0.022710179349116674,-0.03426086719587331,0.11068162475174771,0.07810990851861341,0.032571716233134304,0.004602908570679548
0.55,1368,0.4,0.09246422752148596,0.08956516483470295,-0.031655168593705686,-0.03616994034382637,0.11416439950044205,0.09217422235811222,0.021990177142329828,0.0028990626867830133
0.55,1384,0.4,0.08003890963047149,0.07736334176406708,-0.026309661466672987,-0.03091426240078549,0.08848558870352373,0.07359319425137835,0.01489239445214538,0.0026755678664044102
0.55,1000,0.6,0.09642501087398477,0.09390045974340688,-0.02608781087419942,-0.031269079456747846,0.11845493122196371,0.10440266468390473,0.01405226653805898,0.0025245511305778817
0.55,1016,0.6,0.10118246463045008,0.0995292698125492,-0.037312705648435474,-0.04186737197903588,0.10573694569128551,0.09689417809349372,0.00884276759779179,0.0016531948179008826
0.55,1032,0.6,0.09359317942180383,0.0903382155976633,-0.0168141659713757,-0.02271327103800751,0.10228348447823893,0.09866540357854883,0.003618080899690096,0.003254963824140533
0.55,1048,0.6,0.09980163549548529,0.09922698772352448,-0.02856942549755135,-0.03184120517273413,0.0693824355110371,0.06592378297559277,0.0034586525354443204,0.0005746477719608123
0.55,1064,0.6,0.09067724213938434,0.09055767778824901,-0.03165592358935966,-0.031189707337233783,0.0856237248296551,0.08608178178368212,-0.0004580569540270085,0.0001195643511353317
0.55,1080,0.6,0.08991063932212029,0.08806151683349232,-0.01849078625478984,-0.024428185356188438,0.12100659123647425,0.10034615803862788,0.02066043319784637,0.0018491224886279661
0.55,1096,0.6,0.09229019080190697,0.09018582244440831,-0.04082124952383771,-0.04317653579296975,0.10012729957631593,0.07990793325253313,0.020219366323782795,0.002104368357498651
0.55,1112,0.6,0.08392627446558054,0.08133501198414532,-0.02619286714829532,-0.028190808428565393,0.11817493484025614,0.10181626970113186,0.016358665139124276,0.002591262481435222
0.55,1128,0.6,0.07661920555327094,0.07560876940967627,-0.024940235913919445,-0.02692428148383194,0.09637983651899534,0.08955248683222311,0.006827349686772233,0.0010104361435946674
0.55,1144,0.6,0.08512907384641172,0.0833536990938095,-0.023866697868051415,-0.024548458035081988,0.08520029958833811,0.08091168404052014,0.004288615547817967,0.0017753747526022129
0.55,1160,0.6,0.08415177076792939,0.08515464972519526,-0.028689966788680965,-0.03112185660749136,0.10378114866976791,0.10113426200975763,0.0026468866600102836,-0.0010028789572658764
0.55,1176,0.6,0.10737938629480798,0.10565096478263727,-0.021021175380864725,-0.022985137465965796,0.12459986160407459,0.12034089062203514,0.004258970982039451,0.0017284215121707025
0.55,1192,0.6,0.09534460042316838,0.09295509961977308,-0.026376579920704055,-0.026656320001250514,0.10833311429394932,0.09423151511352033,0.014101599180428984,0.0023895008033952975
0.55,1208,0.6,0.08983594346025266,0.08794751753392271,-0.03173388735876376,-0.035019837579123046,0.0948543270158019,0.08343150293414069,0.011422824081661218,0.0018884259263299424
0.55,1224,0.6,0.07598788137399981,0.07200918753555482,-0.013304563532164361,-0.02491988697001936,0.10654417332976668,0.08576010151103365,0.020784071818733027,0.0039786938384449855
0.55,1240,0.6,0.07777034857658785,0.07694357916047934,-0.02014754191564748,-0.02349483859875738,0.12399336768874146,0.11374221317436387,0.010251154514377595,0.0008267694161085137
0.55,1256,0.6,0.08254243759095775,0.08306759391673736,-0.026432926074323185,-0.031055968931240647,0.08199034245843365,0.0786143385196005,0.0033760039388331525,-0.0005251563257796105
0.55,1272,0.6,0.09153852468285434,0.0889835575950363,-0.019658962330002968,-0.022888534966072425,0.1450004919591852,0.12329931419782905,0.02170117776135616,0.002554967087818036
0.55,1288,0.6,0.08811316050272093,0.08623265662269461,-0.017412289703069173,-0.0233038083011455,0.11953460160842765,0.10652011969046733,0.013014481917960313,0.0018805038800263213
0.55,1304,0.6,0.08760952308877544,0.08614737035258072,-0.023904081020852196,-0.02537266618237442,0.12142529157366366,0.11548520982072366,0.005940081752940002,0.0014621527361947245
0.55,1320,0.6,0.09146492344183663,0.08918171530974711,-0.022340592684413147,-0.022153018263588353,0.10815380326526242,0.1005334324174973,0.007620370847765109,0.002283208132089515
0.55,1336,0.6,0.09412775648916027,0.09612399549985139,-0.035007559267425326,-0.036119231783882134,0.12142087760931923,0.11560682227524258,0.005814055334076654,-0.0019962390106911115
0.55,1352,0.6,0.09126124662556673,0.09102912825389031,-0.024571898035546925,-0.024835363303624722,0.10779831679490699,0.10490650504699951,0.00289181174790748,0.00023211837167641525
0.55,1368,0.6,0.09823617529984834,0.09779632749448751,-0.02614655647590649,-0.02729344766332379,0.1092102465355692,0.10753337374836767,0.001676872787201522,0.0004398478053608268
0.55,1384,0.6,0.08017089926170715,0.0785646833168765,-0.02357202075843006,-0.025458924419692445,0.08870243891881346,0.07878357005935535,0.009918868859458113,0.0016062159448306523
0.55,1000,0.8,0.09848663681084632,0.09825612417753614,-0.0292740467158367,-0.029370979096020225,0.11041922042554803,0.11049038617006184,-7.116574451380975e-05,0.00023051263331018423
0.55,1016,0.8,0.10222795498772276,0.10244436261331977,-0.03638488422715537,-0.03637156454235192,0.10546187641682406,0.10325746223493228,0.002204414181891781,-0.00021640762559700655
0.55,1032,0.8,0.09638240379202585,0.09528414118664333,-0.016406489581104588,-0.016007232862225555,0.1038862751675218,0.10218770801553309,0.0016985671519887113,0.0010982626053825245
0.55,1048,0.8,0.10208400695824532,0.10131292816768432,-0.02793773133407587,-0.028470041160617444,0.07098448859408847,0.06696463502559381,0.004019853568494658,0.000771078790561
0.55,1064,0.8,0.09144446078612216,0.09084136220820242,-0.02992294518802761,-0.03042750205773093,0.08480379461923201,0.08107235623196403,0.003731438387267985,0.0006030985779197362
0.55,1080,0.8,0.09882590746774055,0.09984786047018045,-0.024881190428694903,-0.030452476040090545,0.12809255901183136,0.10888723074756691,0.01920532826426445,-0.0010219530024399015
0.55,1096,0.8,0.09083285689604498,0.09019235601920558,-0.041559677391632986,-0.042397738957465764,0.08965163544383113,0.08415388749556019,0.005497747948270945,0.0006405008768393949
0.55,1112,0.8,0.0863836774861115,0.08545741689247571,-0.028986024820174087,-0.03074913189345703,0.11849842867002129,0.11359104227149946,0.004907386398521826,0.0009262605936357915
0.55,1128,0.8,0.07918795821563097,0.08025008510173345,-0.02346832165046928,-0.023977521502806808,0.09897610908640891,0.09990227040956955,-0.0009261613231606319,-0.0010621268861024796
0.55,1144,0.8,0.08688175886872196,0.08639968488421564,-0.02530683283236079,-0.025643636552997024,0.08321672889274766,0.08266802001118093,0.0005487088815667313,0.0004820739845063232
0.55,1160,0.8,0.08509591455042592,0.08431758104333886,-0.02729389108700432,-0.028140976087658583,0.10231698203961356,0.09601410917146976,0.006302872868143808,0.000778333507087059
0.55,1176,0.8,0.11235619030796619,0.11183916883324745,-0.021963736753789525,-0.02377825325562746,0.13068489061524433,0.12583484990926364,0.0048500407059806905,0.0005170214747187429
0.55,1192,0.8,0.09774544909700492,0.0971399750853307,-0.025441046145204947,-0.025497576519254463,0.10767504786127217,0.10499476420307184,0.002680283658200333,0.0006054740116742119
0.55,1208,0.8,0.09008444980723454,0.08877436473089098,-0.029608346393460227,-0.02987673994817687,0.09377850697727803,0.0877359493391601,0.0060425576381179374,0.001310085076343559
0.55,1224,0.8,0.07965314927301681,0.07808375673525833,-0.016355779633246956,-0.018685429566614058,0.09597381166791208,0.0886454977674416,0.007328313900470479,0.0015693925377584794
0.55,1240,0.8,0.08211571386057219,0.0813419460082917,-0.017974933608183804,-0.018953983552206115,0.13759457853557658,0.13287231611065559,0.004722262424920992,0.0007737678522804908
0.55,1256,0.8,0.08682954889122636,0.0861836569947997,-0.029394575778332068,-0.032411480384251824,0.0826104420554067,0.07832375821247736,0.004286683842929337,0.0006458918964266647
0.55,1272,0.8,0.09527413286636692,0.0941920081830657,-0.020807657755855052,-0.02240027742206794,0.14233930510476217,0.13755475891973964,0.004784546185022526,0.001082124683301225
0.55,1288,0.8,0.09200722542759014,0.09127349749571977,-0.018351345124603718,-0.019714406200924024,0.12059564117443188,0.11485119424808972,0.005744446926342156,0.000733727931870376
0.55,1304,0.8,0.09282877404989825,0.09568920820604218,-0.024743697095056097,-0.030365843692055337,0.11793902203193907,0.11126649208083893,0.00667252995110014,-0.002860434156143926
0.55,1320,0.8,0.09628187539296126,0.09588285522281789,-0.02693761880240824,-0.027780353547671166,0.10903403779774107,0.10660493638716068,0.002429101410580392,0.00039902017014337154
0.55,1336,0.8,0.09938111335861825,0.09933155888307678,-0.03762526416907671,-0.03808528732096444,0.11954527737835224,0.11861824544768028,0.0009270319306719649,4.955447554147452e-05
0.55,1352,0.8,0.09398897544407941,0.09361781317949448,-0.024853329841870823,-0.025307045805133283,0.11082886276422187,0.11021329472462421,0.0006155680395976554,0.0003711622645849316
0.55,1368,0.8,0.1012953772134023,0.1012398019446303,-0.024621329311216536,-0.024750576337164112,0.11077996766932524,0.1104334033267593,0.0003465643425659415,5.55752687720068e-05
0.55,1384,0.8,0.08432291266451339,0.08473312302915541,-0.025381771084740858,-0.024903555244740923,0.09131110091327022,0.09609574436604568,-0.004784643452775461,-0.0004102103646420191
0.55,1000,1.0,0.09907807445071722,0.09682318075551428,-0.027459343281697503,-0.029851032792747006,0.11444944434476513,0.10228049798920733,0.012168946355557805,0.002254893695202931
0.55,1016,1.0,0.10321025255586823,0.10349297432736884,-0.038740980645846475,-0.038426797444706604,0.10655224254015923,0.10546801571435616,0.0010842268258030724,-0.00028272177150061306
0.55,1032,1.0,0.09489677402186215,0.09473461813513395,-0.015575858843882498,-0.01611642717723693,0.10111019046198295,0.09776891890914267,0.0033412715528402803,0.00016215588672820191
0.55,1048,1.0,0.10246234285991859,0.1021747150764563,-0.0279393553624761,-0.028224660468332597,0.07114972959060456,0.07009086952254424,0.001058860068060316,0.0002876277834622937
0.55,1064,1.0,0.09140508337730292,0.09129037952501559,-0.030519417576739743,-0.030270155698603054,0.08691129742816667,0.08701136701422206,-0.00010006958605539296,0.00011470385228733171
0.55,1080,1.0,0.0941343671152027,0.09335502233063239,-0.01869576780198128,-0.019419134647294018,0.120917556448561,0.11805188052881323,0.002865675919747776,0.0007793447845703128
0.55,1096,1.0,0.09163694399783055,0.09119087462553949,-0.04165255854823665,-0.04260708361180475,0.09053297488194294,0.0854375551410838,0.005095419740859142,0.00044606937229106636
0.55,1112,1.0,0.08651864063770161,0.08635639492214313,-0.027229650240625954,-0.02772844539533856,0.11866576701291216,0.11760301959141907,0.0010627474214930932,0.0001622457155584789
0.55,1128,1.0,0.07899445973717414,0.07882526949050485,-0.024838246913776407,-0.02542265914996194,0.0984712350902676,0.09704958285735915,0.0014216522329084519,0.00016919024666929572
0.55,1144,1.0,0.08817129948123774,0.08813229200779897,-0.025902743497496054,-0.02616046081661519,0.08385228632636695,0.08310901650675774,0.0007432698196092047,3.900747343876798e-05
0.55,1160,1.0,0.08556615278339677,0.08513366680711888,-0.028508497525689812,-0.02887796295639008,0.10524778196756748,0.10275537842955786,0.002492403538009627,0.0004324859762778882
0.55,1176,1.0,0.10894912688550024,0.10793536013265397,-0.02041890960327501,-0.021508209054340935,0.12849077344957657,0.12236979943037507,0.006120974019201503,0.0010137667528462707
0.55,1192,1.0,0.09927847207585018,0.09909100798121383,-0.027277258390241907,-0.02689265842589409,0.11501275946342826,0.11313107601400718,0.0018816834494210788,0.0001874640946363526
0.55,1208,1.0,0.09123777490516617,0.09103553837419766,-0.029939704791375393,-0.02964974119351137,0.09174757307818081,0.09117409285222568,0.0005734802259551308,0.00020223653096851368
0.55,1224,1.0,0.07938878051967022,0.07798849455484821,-0.01547551919287413,-0.017528372661166306,0.09738517634239177,0.08990404580898463,0.00748113053340714,0.0014002859648220012
0.55,1240,1.0,0.08234336762187974,0.08189590674402898,-0.017673979007393634,-0.017884082923034266,0.1371492492990553,0.1356468047300371,0.001502444569018213,0.00044746087785076105
0.55,1256,1.0,0.08918165275826206,0.08884270928811307,-0.027817432815349867,-0.029106919708799073,0.08264260331217603,0.08510879789496771,-0.002466194582791681,0.0003389434701489974
0.55,1272,1.0,0.09211680206287368,0.09171166417566616,-0.018441627260790783,-0.01913095692126053,0.14121502243336584,0.14134118650782065,-0.00012616407445481537,0.00040513788720751565
0.55,1288,1.0,0.09295296147287285,0.09247828479899921,-0.017529805755545903,-0.018302490525297956,0.12374860220760442,0.1211358334120529,0.002612768795551515,0.00047467667387364465
0.55,1304,1.0,0.08873509668983139,0.08820221905628686,-0.0238513729015928,-0.02419112802075267,0.12442384585450365,0.12253534568743928,0.0018885001670643775,0.0005328776335445234
0.55,1320,1.0,0.09598847092504478,0.09540459452887118,-0.026948559009652408,-0.02783078764909218,0.11111976639698384,0.10596687486918464,0.0051528915277992,0.0005838763961736049
0.55,1336,1.0,0.1002748155410259,0.10034304443288862,-0.039188865961924224,-0.03952399238001688,0.11909219765662246,0.1198643826859742,-0.0007721850293517379,-6.822889186272607e-05
0.55,1352,1.0,0.09446821610614102,0.09367770805328327,-0.024571436265282236,-0.02518460945855573,0.10971614817397819,0.10973074592274845,-1.4597748770259211e-05,0.0007905080528577552
0.55,1368,1.0,0.10087204262811342,0.10035575445397248,-0.02446864182064145,-0.02510936846119151,0.11092309326598107,0.10751826418844351,0.003404829077537558,0.0005162881741409414
0.55,1384,1.0,0.08386862297714967,0.0836252667715396,-0.02554068126290157,-0.025830050260177477,0.08943568820012926,0.08841162306644329,0.0010240651336859696,0.00024335620561007076
1.0,1000,0.4,0.08858392247382928,0.08589995330494594,-0.028902983755890642,-0.03494936857873786,0.10336896342623998,0.0958132656110705,0.007555697815169488,0.0026839691688833323
1.0,1016,0.4,0.09162860112446752,0.08765253479777729,-0.029109898254538996,-0.034066559557413355,0.10284757439104739,0.08867082605280192,0.014176748338245462,0.003976066326690231
1.0,1032,0.4,0.08932387019008997,0.0887739038102818,-0.01526951357831944,-0.02569749770140114,0.10230945538942729,0.1054754602006379,-0.0031660048112106126,0.00054996637980817
1.0,1048,0.4,0.09333204502976053,0.09074135784639371,-0.027985304511683948,-0.0362966763067938,0.0728961811797019,0.06408533117789755,0.008810850001804343,0.002590687183366816
1.0,1064,0.4,0.08667632886886897,0.08309848191820998,-0.02754295949555502,-0.030954347840771872,0.08920806640353984,0.08017408624747195,0.009033980156067892,0.0035778469506589916
1.0,1080,0.4,0.08328200479657916,0.08139515882121824,-0.015689890542797007,-0.022946666829294235,0.116004488650441,0.10332259893703512,0.012681889713405878,0.0018868459753609151
1.0,1096,0.4,0.08206566720751753,0.0828425360589903,-0.037471940554909745,-0.04213055207183904,0.07699971771088468,0.0698830511916832,0.007116666519201481,-0.0007768688514727673
1.0,1112,0.4,0.0804455706680929,0.07834979913300218,-0.02355562256457744,-0.026256963310881634,0.11270120029702119,0.08992164070444708,0.022779559592574106,0.002095771535090718
1.0,1128,0.4,0.07179625286337761,0.07067030304443929,-0.022807557796027503,-0.023416989830678483,0.09771276746424888,0.09398589937162619,0.0037268680926226955,0.001125949818938321
1.0,1144,0.4,0.07308380480609482,0.07413775324496857,-0.021579891227557914,-0.021335582003045576,0.08068933660783878,0.07881407166312704,0.0018752649447117409,-0.0010539484388737558
1.0,1160,0.4,0.07992567060568076,0.07777324722205524,-0.023675453208135713,-0.02588967873515692,0.1251496027735326,0.10913282869684567,0.016016774076686932,0.0021524233836255208
1.0,1176,0.4,0.09405472596244357,0.08979332122981858,-0.01893364540611474,-0.02522238555387188,0.10979829725914625,0.09692007818903005,0.0128782190701162,0.004261404732624999
1.0,1192,0.4,0.08899164663580021,0.08604843351505717,-0.025623672412201166,-0.032077473669700866,0.10617123595784783,0.08965954490082413,0.0165116910570237,0.0029432131207430406
1.0,1208,0.4,0.08029194506479947,0.0811898655898923,-0.02656696458812469,-0.030248890757085704,0.08401956473529942,0.07748632310387692,0.006533241631422507,-0.0008979205250928268
1.0,1224,0.4,0.0717710529381713,0.06887222951195734,-0.014968888888371454,-0.02492232574296928,0.08776198298856933,0.07269245997273105,0.015069523015838276,0.0028988234262139617
1.0,1240,0.4,0.07794656777991472,0.07556970239240794,-0.021057995399498448,-0.023858132553890535,0.12753412472964049,0.10294944088508529,0.0245846838445552,0.0023768653875067824
1.0,1256,0.4,0.08035405845829427,0.083062502640504,-0.029301398107823187,-0.03309840336874259,0.08036014366660195,0.0859071375673433,-0.0055469939007413566,-0.002708444182209724
1.0,1272,0.4,0.08270205278990685,0.080140109144908,-0.013373058523923325,-0.014845321228128655,0.13054724363285478,0.1177482550999398,0.012798988532914973,0.002561943644998843
1.0,1288,0.4,0.08441913412085243,0.08295146781886922,-0.023962998534589018,-0.03372079910551547,0.11383944977439538,0.08093434936512733,0.03290510040926804,0.0014676663019832087
1.0,1304,0.4,0.08217616970044951,0.08139697580508728,-0.02381942396574789,-0.030590345951033705,0.11217157845611272,0.10516472955021412,0.007006848905898602,0.0007791938953622263
1.0,1320,0.4,0.08963375140480141,0.08846952117836784,-0.02058999511375244,-0.02289337902244177,0.10790526432729038,0.1004296795448283,0.007475584782462075,0.0011642302264335685
1.0,1336,0.4,0.09143924779271144,0.08887696695070939,-0.03417488387654045,-0.03503454830904482,0.11620923965432393,0.10358832916424775,0.012620910490076187,0.0025622808420020515
1.0,1352,0.4,0.08430385786408379,0.08201615212735948,-0.02331584868386692,-0.031817425442461696,0.10466217667298608,0.09117087776293002,0.013491298910056057,0.0022877057367243075
1.0,1368,0.4,0.08602954742264268,0.08278653696842421,-0.022165154746579294,-0.026059617328212725,0.10356249330867842,0.09685565927251498,0.006706834036163442,0.003243010454218473
1.0,1384,0.4,0.08175412960467114,0.08155450847257681,-0.025469017930909405,-0.02915234724295238,0.0865535970927975,0.07847389889772634,0.008079698195071164,0.00019962113209433252
1.0,1000,0.6,0.09505904361875273,0.09072901795103985,-0.02744858546005321,-0.029160263389138023,0.10533654878099358,0.09448292535633819,0.010853623424655387,0.004330025667712872
1.0,1016,0.6,0.10009854633178757,0.0983741377341769,-0.03473250432309141,-0.03959998632536259,0.11343639408237172,0.10777107820784766,0.0056653158745240545,0.001724408597610666
1.0,1032,0.6,0.09437187508375587,0.09393995045186233,-0.01874905721585379,-0.022473549534610712,0.11569878153991456,0.11039909356956494,0.0052996879703496175,0.0004319246318935377
1.0,1048,0.6,0.10016046787254944,0.09870513685510919,-0.02875163796873464,-0.030025424027468363,0.07354145471473048,0.06407274512821663,0.009468709586513843,0.0014553310174402478
1.0,1064,0.6,0.08886039166110912,0.08998211210642303,-0.02821119926775706,-0.030433776868262593,0.08361304077734649,0.08278239822120056,0.0008306425561459274,-0.0011217204453139035
1.0,1080,0.6,0.09096881774269204,0.08976561605721561,-0.021474558289643057,-0.025000296703584144,0.11607555882621858,0.10722434980335771,0.008851209022860865,0.0012032016854764266
1.0,1096,0.6,0.08455782373943084,0.08563272912626187,-0.04027010425005378,-0.04248683017257104,0.07600195006535361,0.07694964681772722,-0.0009476967523736057,-0.0010749053868310265
1.0,1112,0.6,0.08366706366388955,0.08227396018060043,-0.024439014570371655,-0.026119581907499655,0.11210949640793143,0.10170016029539164,0.010409336112539788,0.0013931034832891237
1.0,1128,0.6,0.07336597578179573,0.07281206778301078,-0.020349887738033933,-0.021937075527907853,0.0951052156894852,0.09117836416531663,0.003926851524168565,0.0005539079987849499
1.0,1144,0.6,0.08574008675384934,0.08365709044339927,-0.02261299098220871,-0.024315381636004264,0.08439780549553134,0.07984699083242298,0.00455081466310836,0.002082996310450072
1.0,1160,0.6,0.08360957351543712,0.08303618256152945,-0.026422754187354524,-0.027687379658261294,0.11239641208785084,0.10725037425867157,0.005146037829179273,0.0005733909539076681
1.0,1176,0.6,0.10443754923216794,0.10175386989831095,-0.021825454068541864,-0.02674694963560415,0.12001513476214722,0.10687034410537538,0.013144790656771835,0.002683679333856992
1.0,1192,0.6,0.09444844672010826,0.09261788930496176,-0.022329557192039787,-0.023396805187033454,0.10918448923230924,0.1002000930567735,0.00898439617553573,0.001830557415146497
1.0,1208,0.6,0.08740108538082451,0.08679589679548079,-0.029878341453836117,-0.034280480974775415,0.08955415974328171,0.08431537624010364,0.0052387835031780655,0.0006051885853437244
1.0,1224,0.6,0.07508051267370981,0.07407674316919668,-0.01657606492272878,-0.02111619681846951,0.09128424214546355,0.08369229779709876,0.007591944348364785,0.0010037695045131273
1.0,1240,0.6,0.08075774038346924,0.07796599482709006,-0.016904280685479195,-0.01942464722659796,0.13591618160753446,0.12178669500426097,0.014129486603273497,0.002791745556379177
1.0,1256,0.6,0.0837749699730983,0.08305408365219637,-0.026393335151582414,-0.02846095823839555,0.08463648914295611,0.08069127919203369,0.003945209950922429,0.0007208863209019339
1.0,1272,0.6,0.08556735833338573,0.08303210960483506,-0.01699891945074144,-0.017545725033000368,0.12870817524429562,0.11369954054443004,0.015008634699865575,0.002535248728550668
1.0,1288,0.6,0.08825416073491968,0.08824249189514073,-0.017616367787190636,-0.023780027333633293,0.11846530052106623,0.11299486322550822,0.005470437295558003,1.1668839778947171e-05
1.0,1304,0.6,0.08267739858783776,0.08110185121014471,-0.02223676253022872,-0.02449536148352695,0.1207284588546334,0.11046756569848858,0.010260893156144826,0.001575547377693054
1.0,1320,0.6,0.09584108370243453,0.0970300722333299,-0.022544766079270074,-0.023184312259013965,0.11245338735583076,0.11625907657576606,-0.003805689219935307,-0.0011889885308953713
1.0,1336,0.6,0.09542429005517725,0.0937976299586124,-0.03858483002014803,-0.03862232014393608,0.11730481376189077,0.11286355785970588,0.004441255902184887,0.0016266600965648415
1.0,1352,0.6,0.09174494320223153,0.09271145052321629,-0.027333897673105807,-0.027102519884854317,0.10530612804694296,0.09965407888378125,0.005652049163161713,-0.000966507320984758
1.0,1368,0.6,0.09003645177601306,0.08788233313828828,-0.0212440299239547,-0.024051223453397025,0.10081279549289306,0.08898547671211293,0.011827318780780124,0.002154118637724786
1.0,1384,0.6,0.08312835400892363,0.08294017472292409,-0.024796359727951335,-0.0256093197321063,0.08449205164350078,0.08410132029343653,0.00039073135006424675,0.00018817928599954015
1.0,1000,0.8,0.09631459790654177,0.09594431779475358,-0.031202547128976712,-0.031407893668126026,0.10461977874046263,0.10359275839931839,0.0010270203411442413,0.0003702801117881904
1.0,1016,0.8,0.09917152683305833,0.09842527812557837,-0.033894354260978685,-0.03490555299168922,0.10837087813473813,0.10499855797282925,0.0033723201619088733,0.0007462487074799545
1.0,1032,0.8,0.09303325036152409,0.09243688136907328,-0.013446201196091283,-0.013996583842610086,0.10810173975017737,0.10402892059058089,0.00407281915959648,0.000596368992450802
1.0,1048,0.8,0.1010760690970711,0.10001325412702664,-0.025649167388336683,-0.026561695118628752,0.07216017609169728,0.06814397978452377,0.0040161963071735085,0.0010628149700444706
1.0,1064,0.8,0.08911407991380249,0.08839986643111443,-0.02948016103078959,-0.03007811295201549,0.08436788613972418,0.08027535653789296,0.004092529601831221,0.0007142134826880614
1.0,1080,0.8,0.09029888846734743,0.0889101529417855,-0.01855664579446534,-0.02030285390432148,0.12144793272439364,0.11173024334206462,0.009717689382329017,0.0013887355255619294
1.0,1096,0.8,0.08890377828607984,0.09005404018068737,-0.04258019034693598,-0.04364522178302879,0.08605064818178887,0.09124419462892126,-0.005193546447132394,-0.0011502618946075266
1.0,1112,0.8,0.08515674670623333,0.08486655079020086,-0.025499188693770845,-0.026099611863250282,0.11344666933989389,0.11218216957578625,0.0012644997641076405,0.0002901959160324652
1.0,1128,0.8,0.07644178599628018,0.07614774796587255,-0.023019757558268766,-0.02369555762675461,0.09779331204747205,0.09794328107780825,-0.00014996903033620557,0.0002940380304076312
1.0,1144,0.8,0.08421315446031026,0.08470181677617733,-0.023790688732492456,-0.024318030495635665,0.08169017576170487,0.08281808313878951,-0.0011279073770846387,-0.0004886623158670694
1.0,1160,0.8,0.08482788598784502,0.08729817557290333,-0.025054744556425475,-0.027618453280473746,0.11593396134328776,0.1271771396776229,-0.011243178334335135,-0.002470289585058308
1.0,1176,0.8,0.10557620119216563,0.10544438352516589,-0.020857700556833097,-0.021704488832969198,0.12221140956307511,0.12257930207309688,-0.0003678925100217695,0.0001318176669997395
1.0,1192,0.8,0.09414258795816932,0.09299138242812637,-0.023210615992123297,-0.02298904382571376,0.10630893519037088,0.10002767884275006,0.00628125634762082,0.0011512055300429563
1.0,1208,0.8,0.08951962546050694,0.08967006946872622,-0.028636439103499826,-0.030339913900370354,0.08793904192757496,0.08623189841266879,0.0017071435149061676,-0.00015044400821927206
1.0,1224,0.8,0.07744568250329752,0.07638689467475761,-0.01825515600632809,-0.019861552190643405,0.0902287865265411,0.08695058014014541,0.003278206386395685,0.0010587878285399088
1.0,1240,0.8,0.08091076874089004,0.08098476126668513,-0.016531895696619635,-0.016706316650701606,0.13477346573143423,0.1343835979007308,0.00038986783070343867,-7.399252579509685e-05
1.0,1256,0.8,0.08453798119783439,0.08327417927413473,-0.027665364863865567,-0.03143189565846705,0.07909744319886623,0.07737128851352634,0.0017261546853398896,0.0012638019236996534
1.0,1272,0.8,0.08882491256179978,0.0878519960285995,-0.01714383539101992,-0.0181995087492789,0.13621548607738912,0.13405520175227814,0.0021602843251109782,0.0009729165332002798
1.0,1288,0.8,0.0910963591181866,0.09037986241818577,-0.014432288632470466,-0.0156103996517394,0.12336339422421587,0.12030232670170393,0.003061067522511937,0.0007164967000008321
1.0,1304,0.8,0.0835935638240502,0.08332242523974132,-0.02257494758570364,-0.022869103934670336,0.11673023387114291,0.11506938143628687,0.0016608524348560444,0.00027113858430888316
1.0,1320,0.8,0.09558478596302393,0.09562457334176624,-0.02290751493511195,-0.020894567694277468,0.10885119913815194,0.10778536766018104,0.0010658314779709022,-3.978737874231475e-05
1.0,1336,0.8,0.09761609802122424,0.09695962231695944,-0.036899989542923964,-0.03740317599255185,0.11835554886532741,0.11669679670458204,0.0016587521607453748,0.0006564757042648028
1.0,1352,0.8,0.09355680163099964,0.09273528464833457,-0.024308794462122547,-0.02566954287795551,0.10749604182682587,0.1018461370161376,0.005649904810688278,0.0008215169826650687
1.0,1368,0.8,0.09390008095209589,0.09286402186177614,-0.021802111850005634,-0.023294543598583576,0.10175854334811589,0.09588008594030584,0.005878457407810053,0.0010360590903197436
1.0,1384,0.8,0.08362427689215704,0.08334007359203437,-0.02322450108293245,-0.021875138384979495,0.08734725076557631,0.08561855849223628,0.001728692273340035,0.0002842033001226735
1.0,1000,1.0,0.09656773529040283,0.09629547675217402,-0.03194415090878015,-0.03322586789123644,0.10332192057049246,0.10392929690784317,-0.0006073763373507096,0.0002722585382288062
1.0,1016,1.0,0.10087109111349517,0.1001453284135442,-0.033115738036438545,-0.03432317145311124,0.11254844032650552,0.1070614742456397,0.00548696608086581,0.0007257626999509631
1.0,1032,1.0,0.09317045988652763,0.09275669306853922,-0.013706551461642695,-0.014568491954559644,0.10439318341925168,0.10469296493128258,-0.00029978151203090275,0.0004137668179884091
1.0,1048,1.0,0.10042932191757245,0.1000201690720066,-0.026450726250538383,-0.02702035698410354,0.07221352119097141,0.0705879747631475,0.0016255464278239068,0.0004091528455658494
1.0,1064,1.0,0.08906104979357202,0.08864032386627366,-0.02989257526644451,-0.030972582603517738,0.08166044623488512,0.0791778757451435,0.0024825704897416256,0.0004207259272983599
1.0,1080,1.0,0.09130120225266038,0.09000545365078326,-0.019973256687536557,-0.02097713718127808,0.114526710383968,0.1072213873157186,0.007305323068249395,0.001295748601877117
1.0,1096,1.0,0.08724997629472896,0.08762724741089216,-0.039574531687618084,-0.0403100917700235,0.0866985966691571,0.08517038460333529,0.0015282120658218074,-0.0003772711161632025
1.0,1112,1.0,0.08548434077196455,0.08486803748972525,-0.026086170417334617,-0.026645126412174452,0.1132067593500648,0.1106302289841972,0.0025765303658676075,0.0006163032822393
1.0,1128,1.0,0.07599485858921444,0.07592386856656701,-0.023423827104838413,-0.02416310614566215,0.0962575489239078,0.09503327481602099,0.001224274107886808,7.099002264743248e-05
1.0,1144,1.0,0.08393186141175442,0.08395099544249049,-0.022800329414882716,-0.022765552957697426,0.08064208023626097,0.08076690549065826,-0.00012482525439728998,-1.913403073607045e-05
1.0,1160,1.0,0.08407329219587666,0.08366633771635461,-0.025366611364749152,-0.02537219273388931,0.10894481282125584,0.10763326206172831,0.0013115507595275328,0.0004069544795220481
1.0,1176,1.0,0.10584215220991869,0.10575561890418356,-0.02096547707289535,-0.021313178953201294,0.12110786972671839,0.12025287197621816,0.0008549977505002276,8.65333057351314e-05
1.0,1192,1.0,0.09439032915665577,0.094949053847606,-0.026773816896991338,-0.025093531577345552,0.10401889680766215,0.10322775191016254,0.0007911448974996099,-0.000558724690950238
1.0,1208,1.0,0.08796311470763395,0.08722737283376984,-0.028734983239035193,-0.027851229016585304,0.09006292523346061,0.08736394472548516,0.002698980507975457,0.0007357418738641042
1.0,1224,1.0,0.07765878736597528,0.07664908880622356,-0.018105013791861985,-0.020350701444687598,0.09160630158338502,0.08628411782811683,0.005322183755268189,0.0010096985597517205
1.0,1240,1.0,0.08009134937658045,0.07974323663488611,-0.016877220137337282,-0.01648865613473819,0.13415664468476102,0.13485250950645766,-0.0006958648216966457,0.0003481127416943425
1.0,1256,1.0,0.08550494090768467,0.08508378847438632,-0.028687431658978996,-0.029036366570367064,0.07927407820289457,0.07896720770311068,0.0003068704997838956,0.0004211524332983496
1.0,1272,1.0,0.08897746986889442,0.08872852346380704,-0.018179363377974964,-0.01877994693411006,0.13691409667291238,0.1362531428755742,0.0006609537973381874,0.0002489464050873802
1.0,1288,1.0,0.09059288737399722,0.08899642716636506,-0.012509803910367523,-0.01535815211453839,0.12440707443588153,0.12514247207066018,-0.0007353976347786451,0.0015964602076321555
1.0,1304,1.0,0.08316960583756353,0.08287920230926639,-0.022251403594117328,-0.022246151949256474,0.1168988146621298,0.11465622858520196,0.002242586076927844,0.0002904035282971368
1.0,1320,1.0,0.09531414666161958,0.09515491939842066,-0.02222393636216593,-0.023329263487810635,0.11031451484615043,0.10811128982520046,0.002203225020949967,0.0001592272631989189
1.0,1336,1.0,0.09773529069393164,0.09827880650995775,-0.036997433148445974,-0.03700296264885129,0.11890604973633769,0.11996860881751145,-0.0010625590811737667,-0.0005435158160261161
1.0,1352,1.0,0.09413127861538219,0.09381360405970961,-0.02435188204599008,-0.02481678469677713,0.10836365185828206,0.10695425102400814,0.001409400834273919,0.0003176745556725813
1.0,1368,1.0,0.09480009576096206,0.09380340106961745,-0.021315305562202378,-0.022795038345911588,0.10414921854858533,0.0979949777266053,0.006154240821980031,0.0009966946913446129
1.0,1384,1.0,0.08448372870979333,0.08543698085928379,-0.0234863334074601,-0.02092142990794665,0.08736209916425647,0.09427524176759237,-0.006913142603335906,-0.0009532521494904633
0.2,1000,0.4,0.09213436503853599,0.09043292357647512,-0.032424999786973135,-0.03790056830139278,0.10416130888813471,0.09164999348709824,0.012511315401036477,0.0017014414620608737
0.2,1016,0.4,0.09184692887544767,0.0899703642871093,-0.035982983714394026,-0.04757153935265006,0.1000044102663661,0.07925436066004987,0.020750049606316226,0.0018765645883383614
0.2,1032,0.4,0.08859042852707312,0.08735470488841135,-0.01821344173579857,-0.02634147501097377,0.09652341184345332,0.09253786931950352,0.003985542523949809,0.0012357236386617704
0.2,1048,0.4,0.09152632191437704,0.09167962699921604,-0.03550301582989311,-0.03887961617163331,0.0600675706076827,0.054380065498430996,0.005687505109251707,-0.0001533050848390033
0.2,1064,0.4,0.08857977225206605,0.08465047647156054,-0.026862335604661575,-0.02986088678653046,0.09028969738410107,0.07172060385302703,0.01856909353107404,0.003929295780505507
0.2,1080,0.4,0.0879831862230278,0.08383460318190505,-0.015176597742484888,-0.02073135559877696,0.13030706720968885,0.10279529528865246,0.02751177192103639,0.0041485830411227415
0.2,1096,0.4,0.08538805466895072,0.08117373965906091,-0.03560868201283615,-0.04252193621249139,0.09935252688309514,0.06806955767146214,0.031282969211633,0.0042143150098898075
0.2,1112,0.4,0.08004108449939942,0.07854484947898538,-0.024846547805717756,-0.030508893740890254,0.11819434081834511,0.09650499708513607,0.021689343733209035,0.001496235020414044
0.2,1128,0.4,0.07574455781046166,0.07458700178403299,-0.02210170572034096,-0.022302277925704522,0.09638799977492443,0.0923694978564289,0.004018501918495537,0.0011575560264286688
0.2,1144,0.4,0.08068091928535157,0.07862304630176992,-0.0266032145062564,-0.030067383347397645,0.08157532058729276,0.07641329822125173,0.005162022366041033,0.002057872983581649
0.2,1160,0.4,0.08127855944581552,0.07828157453604642,-0.030559523720737475,-0.030781787054524064,0.1000688981132996,0.09317978972213793,0.0068891083911616635,0.0029969849097691015
0.2,1176,0.4,0.09924733040080393,0.094819002886837,-0.01912589491330092,-0.02695335082973722,0.12520285063423728,0.10139331047880809,0.023809540155429187,0.00442832751396692
0.2,1192,0.4,0.0932897532395526,0.08890557801903451,-0.027749762333772986,-0.03211562444977755,0.10572036235869407,0.08598635889027627,0.019734003468417805,0.004384175220518094
0.2,1208,0.4,0.08450982238744173,0.08504512357376752,-0.03151391423138086,-0.03737960755280824,0.08420896690348133,0.07191818139120076,0.012290785512280564,-0.00053530118632579
0.2,1224,0.4,0.07556856255299609,0.06992015061245291,-0.008237441848228699,-0.016824452044233086,0.09730460809769362,0.07326638284387907,0.02403822525381455,0.005648411940543177
0.2,1240,0.4,0.07086578166006649,0.06573243398538306,-0.015559496547690763,-0.018885117867123317,0.13124006317354855,0.10204604811802645,0.029194015055522105,0.0051333476746834306
0.2,1256,0.4,0.08404834613553894,0.08354728150084553,-0.027097145577305554,-0.03410353909789287,0.0823666219532769,0.07498527370819104,0.007381348245085864,0.0005010646346934045
0.2,1272,0.4,0.081704199735129,0.07840195317563545,-0.01557448544235174,-0.02145192072692218,0.12816951426167172,0.10265669716343986,0.02551281709823186,0.0033022465594935574
0.2,1288,0.4,0.08447594677395466,0.08461702040778112,-0.023381775591806493,-0.031069497867071524,0.11364373477084676,0.08933268689287703,0.024311047877969727,-0.0001410736338264551
0.2,1304,0.4,0.0877212760635167,0.08285134607456952,-0.021253348016344518,-0.030524781450565537,0.12375699218701008,0.10016147620658294,0.02359551598042714,0.004869929988947183
0.2,1320,0.4,0.09230204504373599,0.08860339212485852,-0.028478163751700716,-0.03784620267063595,0.11857105330927238,0.0877605201010866,0.030810533208185775,0.003698652918877471
0.2,1336,0.4,0.09301986139605982,0.09492254957126942,-0.04020097618653096,-0.04171300734258008,0.11959168949732327,0.10917096099348016,0.01042072850384311,-0.0019026881752095964
0.2,1352,0.4,0.0867123687742575,0.08014920439995257,-0.02099061892647485,-0.03290882493631944,0.10844749297758532,0.07484066990456001,0.033606823073025316,0.006563164374304931
0.2,1368,0.4,0.09469154890686048,0.0907627049550762,-0.03053120753642676,-0.036185101940503325,0.11025357967909927,0.09161553788205264,0.01863804179704663,0.003928843951784278
0.2,1384,0.4,0.07700048321955219,0.07724146476950776,-0.020046402914873834,-0.02455622047845114,0.09406999112909373,0.07550872749008457,0.01856126363900916,-0.00024098154995556842
0.2,1000,1.0,0.10108244685392917,0.10039745465356778,-0.02771972417330099,-0.030743878440763654,0.12177803190233559,0.1136340981701207,0.008143933732214892,0.0006849922003613895
0.2,1016,1.0,0.10107424533110153,0.10044134710239033,-0.036652692668119796,-0.037235140450728565,0.10432695099699733,0.09989452148090042,0.004432429516096917,0.0006328982287111956
0.2,1032,1.0,0.09714687507606577,0.09639174418421195,-0.016717702798218596,-0.017363662426845217,0.09804257767363699,0.09520396520632715,0.002838612467309834,0.0007551308918538197
0.2,1048,1.0,0.1034930080409767,0.10282752592026456,-0.028702024320422327,-0.029761912364463485,0.07042299599854233,0.06768727621531402,0.002735719783228313,0.0006654821207121436
0.2,1064,1.0,0.0927926395970077,0.09216171912016399,-0.029216503410310003,-0.029998366780468987,0.08885791750322099,0.0841881363462629,0.004669781156958083,0.0006309204768437104
0.2,1080,1.0,0.09557854623438769,0.09496608184538192,-0.018023144940402223,-0.01964937867329518,0.13036751516816905,0.12284169838512386,0.007525816783045189,0.0006124643890057652
0.2,1096,1.0,0.09471428837337707,0.09427433070224396,-0.043265687481334206,-0.044413524485395706,0.09380253246523318,0.08946097082775127,0.004341561637481908,0.0004399576711331121
0.2,1112,1.0,0.08635191170240133,0.08657752615491379,-0.027502853029699095,-0.027983088654852294,0.11949253890355918,0.1164299145513938,0.00306262435216538,-0.00022561445251245704
0.2,1128,1.0,0.07884853760993836,0.07877830292473859,-0.02520520984393931,-0.026904082717563338,0.09791175686797313,0.09687013084785667,0.001041626020116454,7.023468519977427e-05
0.2,1144,1.0,0.08935547795614339,0.08918903677093373,-0.028471275805156696,-0.029557970239072296,0.08560194732594456,0.08493961653896313,0.0006623307869814271,0.00016644118520965645
0.2,1160,1.0,0.08605967939797732,0.08701709313605423,-0.02959504757464684,-0.03049056068358471,0.0988590924006984,0.09750605825897288,0.0013530341417255232,-0.0009574137380769093
0.2,1176,1.0,0.10834217083420311,0.1070612026387807,-0.020828266066683962,-0.022384305949294258,0.12846598232254883,0.11977213569782268,0.008693846624726151,0.0012809681954224078
0.2,1192,1.0,0.10020937394925679,0.0998528131966451,-0.027341431358064255,-0.02737728306486897,0.11197202550445039,0.10976957168518531,0.0022024538192650794,0.00035656075261168707
0.2,1208,1.0,0.09444487369094201,0.0943935615507432,-0.031490883578190805,-0.03189995156355941,0.0968628758898663,0.09655538356131034,0.00030749232855596664,5.13121401988087e-05
0.2,1224,1.0,0.07842216901972242,0.07808065927070026,-0.01122897336955969,-0.013606325076314813,0.09649638822101261,0.09160571293744486,0.00489067528356775,0.0003415097490221536
0.2,1240,1.0,0.08286624536023886,0.0821164024218411,-0.019091454471905443,-0.019132713778011103,0.13664506952634808,0.13292070854649343,0.0037243609798546518,0.0007498429383977628
0.2,1256,1.0,0.09146573020534388,0.09016158907961834,-0.029886541279921304,-0.031104394255981306,0.08420586762360599,0.0797021849210088,0.004503682702597184,0.0013041411257255359
0.2,1272,1.0,0.09321769378606591,0.09283700162827914,-0.019611363735155016,-0.0200544899707013,0.14174980446448993,0.1384733432710416,0.003276461193448321,0.0003806921577867717
0.2,1288,1.0,0.09342239513592594,0.0932026900233426,-0.02065001322353105,-0.021150044869398515,0.11982127593334731,0.11792798192452252,0.0018932940088247918,0.00021970511258334602
0.2,1304,1.0,0.09259729373039899,0.09233531121345938,-0.02464168656293375,-0.02494158759281847,0.12979700528641797,0.12839486202878508,0.0014021432576328818,0.00026198251693961006
0.2,1320,1.0,0.09527281289930509,0.09525013605298521,-0.027360818531264385,-0.02968974446999624,0.10804179452851193,0.10526298721732222,0.002778807311189707,2.2676846319874544e-05
0.2,1336,1.0,0.10001166418637415,0.10017074203475088,-0.038615448165088134,-0.03856375612303111,0.12173171155469265,0.1227946188421439,-0.001062907287451259,-0.00015907784837672356
0.2,1352,1.0,0.09489679832197187,0.0946850904214007,-0.024592974698291272,-0.025011027130122054,0.11511832283430841,0.11326908476130082,0.0018492380730075891,0.00021170790057116473
0.2,1368,1.0,0.10412982887920082,0.10321543022486966,-0.025783661245247107,-0.027140245096739665,0.11612952009698564,0.1107120748710328,0.005417445225952847,0.0009143986543311555
0.2,1384,1.0,0.08364704440377661,0.08331642050163778,-0.025528857911821995,-0.02499663390215989,0.0939818814346259,0.09444075563154933,-0.0004588741969234339,0.00033062390213883797
0.4,1000,0.4,0.09079459135033728,0.08724444160670727,-0.026853179692767452,-0.03250553716748821,0.10482164171486434,0.08988077417486731,0.01494086753999703,0.0035501497436300072
0.4,1016,0.4,0.09368193277376984,0.09072218819685386,-0.037037664322980446,-0.046725378264376616,0.09890932913608569,0.08411246867376519,0.014796860462320496,0.0029597445769159736
0.4,1032,0.4,0.09158535677174838,0.09213025042567222,-0.018615640769094943,-0.02800872480282463,0.10404991870068701,0.09346420885775047,0.010585709842936539,-0.0005448936539238364
0.4,1048,0.4,0.09250362612370427,0.09216931296390417,-0.03158739661734238,-0.03806246808001538,0.0679866337934406,0.060758343104498,0.007228290688942596,0.00033431315980010645
0.4,1064,0.4,0.08800445285170597,0.08558538946000963,-0.02941796318966203,-0.031351438010058665,0.08784027221068519,0.07813339594823482,0.00970687626245037,0.002419063391696341
0.4,1080,0.4,0.08534692107853582,0.08147030641225199,-0.017088139033002776,-0.022549398038236322,0.11862852121284148,0.1007306242170148,0.01789789699582668,0.003876614666283834
0.4,1096,0.4,0.08373544401059671,0.08237439520081671,-0.031478668548475884,-0.03831286039462224,0.08325486636084613,0.07072441733686519,0.012530449023980941,0.0013610488097799966
0.4,1112,0.4,0.08145796433911519,0.0813651782187957,-0.02612029359030215,-0.029629687431863803,0.11620164235354846,0.09838479000224863,0.01781685235129983,9.278612031948796e-05
0.4,1128,0.4,0.0734511179361193,0.07317113591773487,-0.02158442758202824,-0.02249838228293595,0.08759220058348727,0.08885745227642994,-0.0012652516929426705,0.00027998201838443093
0.4,1144,0.4,0.07952954592321952,0.07765302060943537,-0.026106551468539886,-0.030176778230811056,0.07710340778057842,0.06726373565976665,0.009839672120811771,0.0018765253137841553
0.4,1160,0.4,0.0740249610475975,0.07214197138964971,-0.030419636428201592,-0.032324784385576365,0.09357696292208863,0.08532432207193877,0.008252640850149859,0.0018829896579477812
0.4,1176,0.4,0.10035867502015772,0.09260761125015168,-0.021242150399652597,-0.029159573831051337,0.12035099470910116,0.08825855621600054,0.03209243849310062,0.007751063770006034
0.4,1192,0.4,0.09808203659375768,0.09555443935164079,-0.027585740068558948,-0.03461679842235192,0.11770530385500577,0.11934850310598875,-0.0016431992509829824,0.0025275972421168885
0.4,1208,0.4,0.08622134385100227,0.08345594231169975,-0.023817566769033474,-0.02901342180273319,0.0913841850913891,0.0852594067698643,0.006124778321524804,0.00276540153930252
0.4,1224,0.4,0.07355154764063744,0.06808397645444687,-0.01112604276668921,-0.023551999101066205,0.09621892690464302,0.06954592721487196,0.026672999689771063,0.005467571186190567
0.4,1240,0.4,0.07330038187444428,0.06791890280847228,-0.018787741561290157,-0.024339764506033413,0.14042574000183802,0.0988139213322145,0.04161181866962352,0.005381479065972
0.4,1256,0.4,0.08309839596259454,0.08378373247764208,-0.027428738949797946,-0.03240082503591468,0.08012613515479065,0.07848816066655402,0.001637974488236632,-0.000685336515047541
0.4,1272,0.4,0.08562476852312903,0.0839805022075772,-0.014949763672252602,-0.022724361583810988,0.13462551465598932,0.11972053070081003,0.014904983955179293,0.0016442663155518261
0.4,1288,0.4,0.08553227633721294,0.08329555030728715,-0.02298396578015371,-0.031768505493142016,0.1113919705563541,0.08849498457124083,0.022896985985113263,0.0022367260299257924
0.4,1304,0.4,0.08609973783094432,0.0805324891843108,-0.02034991966975448,-0.028615693499416964,0.12258061900259233,0.09539492179513386,0.027185697207458476,0.005567248646633521
0.4,1320,0.4,0.08188346655345893,0.08018759416553507,-0.014290633570054938,-0.018204288031002602,0.10802134483099644,0.09712843709484328,0.01089290773615316,0.0016958723879238607
0.4,1336,0.4,0.09017315931895538,0.08754582161806229,-0.0363817467643493,-0.037222522788590416,0.1189445456453526,0.10351614349127387,0.01542840215407873,0.002627337700893087
0.4,1352,0.4,0.08493904925777439,0.08052850186347832,-0.025181105548582442,-0.0315162552171419,0.10768614792113423,0.08570727306731216,0.021978874853822078,0.004410547394296069
0.4,1368,0.4,0.09432546123257554,0.09314367039032409,-0.02917951840650163,-0.03470995324991482,0.11148299547744879,0.11142192043536393,6.107504208485715e-05,0.0011817908422514511
0.4,1384,0.4,0.07694098275170208,0.0743120956960022,-0.0288290145993573,-0.03380751498571703,0.08451962687042555,0.06464446489302934,0.019875161977396208,0.0026288870556998856
0.4,1000,1.0,0.09890256710482384,0.09837624716504545,-0.028491535901709344,-0.028763358314661227,0.11080358352578487,0.10879057515001649,0.0020130083757683853,0.0005263199397783913
0.4,1016,1.0,0.1013170409430489,0.10116514107952816,-0.03611122386103573,-0.035931257806719866,0.10635044276142314,0.10574034002337447,0.0006101027380486651,0.00015189986352073803
0.4,1032,1.0,0.09638852210217089,0.0962056710929215,-0.016218598555469414,-0.016071854109719043,0.10057421216995127,0.10092715371060855,-0.00035294154065727834,0.00018285100924939068
0.4,1048,1.0,0.10276965661493394,0.10159347417258414,-0.0285395884826787,-0.02997022923985521,0.07204287829313949,0.06614800121396906,0.005894877079170427,0.0011761824423497935
0.4,1064,1.0,0.09164462985330753,0.09170881235078855,-0.030145291495425813,-0.03083791223210002,0.0865790462071598,0.08353554741443206,0.0030434987927277363,-6.418249748102456e-05
0.4,1080,1.0,0.09492085336636485,0.09361019557396551,-0.01870812595328656,-0.0202919404849123,0.12537352180800096,0.11642483158566148,0.008948690222339475,0.0013106577923993473
0.4,1096,1.0,0.0930517891190126,0.0929782492333115,-0.03898255584684719,-0.04093540776754118,0.09778905052480116,0.08932881500340915,0.00846023552139201,7.353988570110714e-05
0.4,1112,1.0,0.08604117818795437,0.08564275684945648,-0.027428318588497334,-0.027936424923941796,0.11932265601415695,0.11618098549103952,0.0031416705231174374,0.0003984213384978924
0.4,1128,1.0,0.07645871581834951,0.07668860279138669,-0.025698651856036897,-0.027296537255775768,0.0927282312844857,0.08780339012069041,0.004924841163795282,-0.0002298869730371772
0.4,1144,1.0,0.08894322083281885,0.089105414105539,-0.02672333765109674,-0.026963881507977586,0.08452147011604777,0.08368998575873464,0.0008314843573131309,-0.00016219327272015693
0.4,1160,1.0,0.08571833672142481,0.08464001481611541,-0.029053821619118684,-0.03080149039082242,0.10571010516551113,0.09988528386737949,0.005824821298131638,0.001078321905309404
0.4,1176,1.0,0.10954454604596116,0.10927613779236629,-0.02081549870268515,-0.02101541577045672,0.12794561091179582,0.126604837308026,0.0013407736037698292,0.0002684082535948651
0.4,1192,1.0,0.0993441933149073,0.09909275140743333,-0.027101218768993827,-0.02792560482884743,0.10922777751619211,0.10551432605894473,0.0037134514572473853,0.000251441907473976
0.4,1208,1.0,0.09421638624541824,0.09380131389095814,-0.030435475193104026,-0.030178027426732323,0.09427734721465783,0.09204351919251372,0.002233828022144113,0.0004150723544601026
0.4,1224,1.0,0.08064564697791993,0.08043311958889657,-0.01591898124854704,-0.016453024124221866,0.09745128736475159,0.09686864220079627,0.0005826451639553143,0.00021252738902335921
0.4,1240,1.0,0.08302791847596426,0.08244830767377642,-0.018699522290061554,-0.01947309853505989,0.13653827380015074,0.13422843332370407,0.0023098404764466673,0.0005796108021878382
0.4,1256,1.0,0.09105043574980139,0.09135979922545409,-0.028312965225893643,-0.027545206917938245,0.08376512614876357,0.08527038328596376,-0.0015052571372001916,-0.0003093634756527047
0.4,1272,1.0,0.09085895930053603,0.08930606415818702,-0.01904895780067785,-0.021171730918155926,0.13974011769355596,0.1298476587094504,0.009892458984105568,0.0015528951423490062
0.4,1288,1.0,0.09345138424910683,0.0938151481304316,-0.01771268923370224,-0.019541483644102593,0.12535794391753943,0.1220074464123416,0.003350497505197836,-0.0003637638813247662
0.4,1304,1.0,0.09048945018111529,0.08983816568445911,-0.024177670729284444,-0.025107682715019952,0.12736158226448738,0.12250675759994277,0.0048548246645446075,0.0006512844966561765
0.4,1320,1.0,0.09645820471478113,0.09639725566671516,-0.028244658003262757,-0.02903341182518543,0.10853932747326299,0.10525723109231917,0.0032820963809438164,6.0949048065972455e-05
0.4,1336,1.0,0.09915797321239068,0.09906443775526745,-0.03901158559417008,-0.03916153859807544,0.12045470108182649,0.12270539166283967,-0.0022506905810131816,9.353545712323386e-05
0.4,1352,1.0,0.09431686058100229,0.0940564914151626,-0.023795688878352782,-0.023507778567699904,0.11117654915073183,0.1119937693481511,-0.0008172201974192689,0.0002603691658396856
0.4,1368,1.0,0.10215380879016989,0.10139295374959968,-0.02549563514477364,-0.026217908076282503,0.11348135833656053,0.10935376692505575,0.0041275914115047885,0.0007608550405702047
0.4,1384,1.0,0.08372974681380568,0.08305151651040192,-0.025547494837144885,-0.02495823064664512,0.09128775329491116,0.09197248466431517,-0.0006847313694040014,0.0006782303034037623
0.7,1000,0.4,0.09181662937133697,0.09165418162087959,-0.03112896923285738,-0.03810655505310319,0.10631544692105073,0.10438852065037489,0.0019269262706758383,0.0001624477504573868
0.7,1016,0.4,0.09034618284600868,0.08875534425986817,-0.03531873478027733,-0.04526977640363199,0.095281980349688,0.08434115901901768,0.010940821330670328,0.0015908385861405083
0.7,1032,0.4,0.08770836652723138,0.08746517203491827,-0.015095507215399782,-0.028928666027384628,0.1004809295590696,0.09133725798906171,0.009143671570007894,0.00024319449231310908
0.7,1048,0.4,0.09410796820629666,0.08944774348103801,-0.025855401523244274,-0.035269679748870915,0.06663210093952718,0.05496992913963395,0.011662171799893227,0.004660224725258649
0.7,1064,0.4,0.08906598216844903,0.08849714012595856,-0.02778998176773305,-0.029687517989861776,0.0809893613801603,0.07486569832738689,0.006123663052773412,0.0005688420424904694
0.7,1080,0.4,0.08533593548530782,0.08320933045559283,-0.020579502087972403,-0.024694848761948256,0.11673911110372075,0.09338827634072319,0.023350834762997555,0.002126605029714998
0.7,1096,0.4,0.08543108338431205,0.08452667095428842,-0.037315007597068205,-0.04396885087603043,0.08406542814478114,0.06895057872857849,0.015114849416202655,0.0009044124300236211
0.7,1112,0.4,0.07771562577496736,0.07638352273360874,-0.02440474185789496,-0.028723753243861536,0.11659935226088887,0.09869006299006769,0.01790928927082118,0.001332103041358626
0.7,1128,0.4,0.07256215092959253,0.07266726805307838,-0.021172138949509353,-0.020911150005398258,0.09454960516922331,0.09270875872431517,0.0018408464449081452,-0.00010511712348584834
0.7,1144,0.4,0.07587837917902418,0.07607532277407168,-0.02384604543733321,-0.025918690166845778,0.07961484576255413,0.07437023107182575,0.005244614690728386,-0.00019694359504750236
0.7,1160,0.4,0.08025348687033348,0.07807172877515497,-0.027038864891323188,-0.02763351267820447,0.10993149118688549,0.09735258830812418,0.012578902878761303,0.00218175809517851
0.7,1176,0.4,0.09870255184930701,0.09435829897268663,-0.02023780468805071,-0.027898307330265798,0.11750170566403058,0.09762620414341115,0.019875501520619426,0.00434425287662038
0.7,1192,0.4,0.09038413887927263,0.08565511154752259,-0.022243476036179367,-0.026122372810742228,0.11157303922948862,0.09791100839053281,0.013662030838955813,0.004729027331750041
0.7,1208,0.4,0.08368333301603277,0.08113444986846137,-0.02835018465707338,-0.032114550323113326,0.08858290341981924,0.0814495231359982,0.007133380283821045,0.0025488831475714013
0.7,1224,0.4,0.07302731322132139,0.06846006455115754,-0.009949996760927652,-0.019205018108265023,0.09326285435231926,0.07446355808566127,0.018799296266657994,0.004567248670163851
0.7,1240,0.4,0.07378472556517024,0.07204904831303255,-0.020384024560782674,-0.02810076509454534,0.12081190013865556,0.10296961645971991,0.017842283678935644,0.0017356772521376906
0.7,1256,0.4,0.07997388188458163,0.08179313775180662,-0.027106834640487326,-0.032471013757635156,0.07823911141473823,0.09154652544642942,-0.013307414031691195,-0.001819255867224992
0.7,1272,0.4,0.08359348150781547,0.08193107674556173,-0.014396231546995826,-0.02097148157407694,0.1236542982090584,0.10893096044084574,0.014723337768212663,0.0016624047622537386
0.7,1288,0.4,0.08288073721160742,0.08268154525819452,-0.023755028212130304,-0.03277272119581728,0.12099684241637632,0.09216454470385946,0.028832297712516858,0.00019919195341290552
0.7,1304,0.4,0.08301902913139618,0.08134298840436106,-0.01946600122878533,-0.02703041615227195,0.12128554407165461,0.10904873783984519,0.012236806231809422,0.0016760407270351163
0.7,1320,0.4,0.08513550627448656,0.08310047367932656,-0.01506583912466013,-0.019159821630470895,0.11025790759623555,0.09058668343265255,0.019671224163582995,0.002035032595159997
0.7,1336,0.4,0.09274079216224271,0.0926921918188152,-0.03807952888215782,-0.040143190497779584,0.11722210986677671,0.10761595908543571,0.009606150781341,4.860034342750452e-05
0.7,1352,0.4,0.0866707062387971,0.08333196502418319,-0.024208632765291185,-0.030402818823083592,0.09998215695288279,0.08147851701006376,0.018503639942819033,0.0033387412146139023
0.7,1368,0.4,0.09146868211722885,0.08738420306470787,-0.02637565169973619,-0.03256762599944125,0.10535876940566478,0.09405526389984101,0.011303505505823777,0.004084479052520976
0.7,1384,0.4,0.07715461288808662,0.07727890393020644,-0.023459833478893174,-0.030403708240912507,0.09011563754811032,0.076880376704884,0.01323526084322632,-0.00012429104211982012
0.7,1000,1.0,0.09863395220696257,0.09674835075546359,-0.030533923960059287,-0.03405200821021504,0.11129483964452486,0.10107537585305607,0.010219463791468791,0.0018856014514989777
0.7,1016,1.0,0.10183692079793051,0.10186954618686163,-0.03523705104072599,-0.03525406838211176,0.10760610053831193,0.10418776445260786,0.0034183360857040768,-3.262538893111788e-05
0.7,1032,1.0,0.095067443817225,0.09493912494824457,-0.014809989400665309,-0.014627331902980815,0.10308103959638697,0.10348711843640934,-0.00040607884002237526,0.00012831886898043154
0.7,1048,1.0,0.10172720368103386,0.10052631820448261,-0.026524697545023297,-0.027686210731146296,0.07072617759292771,0.06930763138132529,0.0014185462116024228,0.0012008854765512417
0.7,1064,1.0,0.09091155239933567,0.09089179031799481,-0.030258207894009306,-0.030723462372367383,0.08443677200940658,0.08292379220611598,0.0015129798032905983,1.9762081340857218e-05
0.7,1080,1.0,0.0930272994249554,0.09219504380439768,-0.019734011342875578,-0.021144212378537152,0.1185514905435533,0.11331471225340847,0.005236778290144822,0.0008322556205577203
0.7,1096,1.0,0.0905178492339493,0.09035073838964328,-0.041291895291087136,-0.04204563742654194,0.08881293440123854,0.08688163801017809,0.001931296391060447,0.00016711084430602596
0.7,1112,1.0,0.08595634283497194,0.08592415306442444,-0.026451485859956825,-0.026575904122760584,0.11689890697253998,0.11799184542737463,-0.0010929384548346577,3.2189770547502716e-05
0.7,1128,1.0,0.07733862287184788,0.07690167845779264,-0.02367588820147111,-0.024263480909141814,0.09803202480510097,0.09570943111048352,0.0023225936946174447,0.0004369444140552431
0.7,1144,1.0,0.08717940821696017,0.08704902560901437,-0.02471860117905117,-0.025341518352079536,0.0844961081545939,0.08281241088367365,0.0016836972709202425,0.00013038260794580314
0.7,1160,1.0,0.08577701845717017,0.08600907629057339,-0.027692715255031745,-0.02750492520471599,0.10881627330737305,0.10722094186110415,0.0015953314462689022,-0.00023205783340321529
0.7,1176,1.0,0.10811704710665807,0.10778862143512127,-0.021094403557349314,-0.02168802585740769,0.12574889768631006,0.12385035087225398,0.0018985468140560874,0.0003284256715367917
0.7,1192,1.0,0.09744705287136213,0.09720175365639784,-0.024659776050446683,-0.02485391987681538,0.10742846715892611,0.1070886724035154,0.0003397947554107106,0.00024529921496428686
0.7,1208,1.0,0.09190317284457539,0.09116634002893377,-0.029636895376741645,-0.030556263347042242,0.09290377511346774,0.09229210016953696,0.0006116749439307873,0.0007368328156416165
0.7,1224,1.0,0.078494309504476,0.07618242152785135,-0.0165801376510036,-0.01897323793903712,0.09572985320663754,0.0865876923994115,0.009142160807226046,0.0023118879766246547
0.7,1240,1.0,0.0816655023974739,0.08124314383532029,-0.017997199143316447,-0.018263679681775714,0.13594247711847748,0.13378699474373068,0.0021554823747468033,0.000422358562153613
0.7,1256,1.0,0.0885851552716439,0.08835837466478332,-0.02871065982367335,-0.02878631842642587,0.08188519063897227,0.08181753206071682,6.765857825545563e-05,0.00022678060686058543
0.7,1272,1.0,0.09163254658047323,0.09027608485276052,-0.01840280404239939,-0.020179230260292023,0.1400684466637331,0.13332411959389917,0.006744327069833939,0.0013564617277127128
0.7,1288,1.0,0.09216434851712778,0.09147662357725272,-0.016180127592957814,-0.017457211002549083,0.12522642944407839,0.12044959809289332,0.004776831351185062,0.0006877249398750535
0.7,1304,1.0,0.08729070825133269,0.08654935878140678,-0.0232935872039839,-0.023460194116288854,0.12235840060399562,0.11820817704284495,0.004150223561150676,0.000741349469925906
0.7,1320,1.0,0.096343217992413,0.0961404035433654,-0.025905213257400705,-0.027454026078603474,0.10755301463023782,0.10710123648363548,0.0004517781466023413,0.00020281444904760026
0.7,1336,1.0,0.09980918892357511,0.09975195674139384,-0.038369297393855785,-0.03813269203638578,0.12119434409296324,0.12358044397546614,-0.002386099882502893,5.723218218127435e-05
0.7,1352,1.0,0.09371326665394489,0.09345193883304752,-0.024025325931569492,-0.02418951766188403,0.10970908359321098,0.10891149742306255,0.000797586170148426,0.0002613278208973696
0.7,1368,1.0,0.099170073978535,0.09857929667536822,-0.02386501431071595,-0.02489810214179697,0.10938741248795729,0.10624509051052904,0.003142321977428253,0.000590777303166784
0.7,1384,1.0,0.08405904356554367,0.08415230605609701,-0.025319490258927838,-0.025138854245912317,0.0886619785911019,0.08880620425636186,-0.00014422566525995606,-9.326249055334468e-05
